'Aho'eitu,mythological king
Åsa Haraldsdóttir,legendary human figure
Šárka,legendary figure
Šassuratu,God
Ṛṣabhanātha,Tirthankara
Añjanā,God
Śakuni,character in the Mahabharata
Śakuntalā,character in the Mahabharata
Śalya,character in the Mahabharata
Śāntinātha,God
Śāntinātha,Tirthankara
Aaron,human biblical figure
Aaron,Book of Mormon character
Aśvatthāmā,character in the Mahabharata
Abaddon,angel in Judaism
Abaddon,angels in Christianity
Abaddon,biblical character
Abaddon,eschatological figure
Abagtha,human biblical figure
Abatur,religious character
Abda,human biblical figure
Abdeel,human biblical figure
Abdi,human biblical figure
Abdi,human biblical figure
Abdi,human biblical figure
"Abdi-el, son of Guni",human biblical figure
"Abdi, son of Malluch",human biblical figure
Abdiel,seraph
Abdiel,human biblical figure
Abdon,human biblical figure
Abdon,human biblical figure
Abdon,human biblical figure
Abednego,human biblical figure
Abel,human biblical figure
Abezethibou,fallen angel
Abhimanyu,legendary figure
Abhinandananātha,God
Abhinandananātha,Tirthankara
Abi-Albon,human biblical figure
Abiah,human biblical figure
Abiasaph,human biblical figure
Abiathar,human biblical figure
Abida,human biblical figure
Abidan,human biblical figure
Abiel,human biblical figure
Abiezek,human biblical figure
Abiezer,human biblical figure
Abiezer,human biblical figure
Abiezer,human biblical figure
Abigail,human biblical figure
Abigail,human biblical figure
Abihail,human biblical figure
Abihail,human biblical figure
Abihail,human biblical figure
Abihail,human biblical figure
Abihail,human biblical figure
Abihu,human biblical figure
Abihud,human biblical figure
Abijah,biblical character
Abijah,human biblical figure
Abijah,human biblical figure
Abijah,human biblical figure
Abijah,human biblical figure
Abijah,human biblical figure
Abijah,human biblical figure
Abimael,human biblical figure
Abimelech,human biblical figure
Abimelech,human biblical figure
Abinadab,human biblical figure
Abinadab of Kiriath-jearim,human biblical figure
Abinadi,Book of Mormon character
Abinadom,Book of Mormon character
Abinoam,human biblical figure
Abiram,human biblical figure
Abiram,human biblical figure
Abish,Lamanite
Abish,Book of Mormon character
Abishai,human biblical figure
Abishur,human biblical figure
Abital,human biblical figure
Abiud,human biblical figure
Abner,human biblical figure
Abra,human biblical figure
Abraham,human biblical figure
Absalom,human biblical figure
Abu Righal,legendary figure
Achaicus of Corinth,human biblical figure
Achan,human biblical figure
Achbor,human biblical figure
Achbor,human biblical figure
Achbor,human biblical figure
Achim,human biblical figure
Achinoam,human biblical figure
Achior,human biblical figure
Achish,human biblical figure
Achsah,human biblical figure
Ad,legendary figure
Adah,human biblical figure
Adah,human biblical figure
Adaiah,human biblical figure
Adaiah,human biblical figure
Adaiah,human biblical figure
Adaiah,human biblical figure
Adaiah,human biblical figure
Adaiah,human biblical figure
Adaiah,human biblical figure
Adam,protoplast
Adam,human biblical figure
Adam in Islam,prophet of Islam
Adam in Islam,protoplast
Adar,human biblical figure
Adbeel,human biblical figure
Addi,human biblical figure
Addon,biblical character
Adele,merfolk in a work of fiction
Adhiratha,character in the Mahabharata
Ādibuddha,Buddha
Adina,biblical character
Adinah,human biblical figure
Adinon the Asonite,human biblical figure
Admatha,human biblical figure
Admin,human biblical figure
Adna,biblical character
Adna,human biblical figure
Adnah,biblical character
Adnah,human biblical figure
Adonijah,human biblical figure
Adonijah,human biblical figure
Adonijah,human biblical figure
Adoniram,human biblical figure
Adonizedek,human biblical figure
Adriel,human biblical figure
Ae-oina Kamuy,protoplast
Čech,legendary progenitor
Čech,legendary figure
Aedis,human biblical figure
Aeneas,human biblical figure
Aengus,legendary figure
Aeshma,God
Afghana,legendary figure
Agag,human biblical figure
Aganippus,legendary figure
Agee,human biblical figure
Ægir,mythological king
Agloolik,mermaid
Aglovale,legendary figure
Agne,mythological king
Agnodice,legendary figure
Agnomain,legendary figure
Agravain,legendary figure
Agrippa Silvius,legendary human figure
Agrippine Sibyl,legendary figure
Agur,human biblical figure
Aha,Book of Mormon character
Ahah,Book of Mormon ruler
Ōhōri Tsuruhime,legendary figure
Ahasbai,human biblical figure
Ahasuerus,human biblical figure
Ahaziah,human biblical figure
Ahban,human biblical figure
Aher,human biblical figure
Ōhesoki,legendary human figure
Ahi,human biblical figure
Ahiam,human biblical figure
Ahiel,biblical character
Ahiel,human biblical figure
Ahiezer,human biblical figure
Ahiezer son of Shemaah of Gibeah,human biblical figure
Ahihud,human biblical figure
Ahijah,human biblical figure
Ahijah,human biblical figure
Ahijah,human biblical figure
Ahijah,human biblical figure
Ahijah,human biblical figure
Ahijah,human biblical figure
Ahijah,human biblical figure
Ahijah the Shilonite,human biblical figure
Ahikam,human biblical figure
Ahilawati,character in the Mahabharata
Ahilud,human biblical figure
Ahilud,human biblical figure
Ahimaaz,human biblical figure
Ahimaaz,human biblical figure
Ahimaaz,human biblical figure
Ahiman,human biblical figure
Ahiman,human biblical figure
Ahimelech,human biblical figure
Ahimelech,human biblical figure
Ahimelech,human biblical figure
Ahinadab,human biblical figure
Ahinoam,human biblical figure
Ahio,human biblical figure
Ahio,human biblical figure
Ahio,human biblical figure
Ahira,human biblical figure
Ahisamach,human biblical figure
Ahishahar,human biblical figure
Ahishar,human biblical figure
Ahitophel,human biblical figure
Ahitub,biblical character
Ahitub,human biblical figure
Ahitub,human biblical figure
Ahitub II,human biblical figure
Ahlai,human biblical figure
Ahlai,human biblical figure
Ahohi,human biblical figure
Aholibamah,human biblical figure
Ahumai,human biblical figure
Ahuzzam,human biblical figure
Ahuzzath,human biblical figure
Aiah,human biblical figure
Śikhaṇḍī,character in the Mahabharata
Ailill mac Máta,mythological king
Ailill mac Máta,legendary figure
Aiol,legendary figure
Aiolos,legendary progenitor
Aisha Bibi,legendary figure
Aiwass,God
Aja,Characters in the Ramayana
Ajah,human biblical figure
Aji,religious character
Ajitanātha,God
Akagashira,legendary human figure
Akan,human biblical figure
Aker,angels in Christianity
Akibeel,fallen angel
Akish,Jaredites
Akish,Book of Mormon character
Akkub,human biblical figure
Akkub,human biblical figure
Akkub,human biblical figure
Akkub,human biblical figure
Akshobhya,Buddha
Ōkume,legendary human figure
Akuro-ō,legendary human figure
Akuruō,legendary human figure
Akyl Karachach,legendary figure
Al-Walid ibn Mus'ab,legendary figure
Al-Yamani,religious character
Aladine,merfolk in a work of fiction
Élaine,legendary figure
Alan Gua,legendary human figure
Alana,merfolk in a work of fiction
Alaric,mythological king
Albion,protoplast
Albrecht Gessler,legendary figure
Aldar,legendary figure
Alemeth,human biblical figure
Alemeth,human biblical figure
Alexander,human biblical figure
Alexander,human biblical figure
Alexander the Coppersmith,human biblical figure
Alexander the Great in the Quran,Quranic character
Alf,mythological king
Alfred III of Mercia,legendary figure
Alli Raani,legendary figure
Allon,human biblical figure
Alma the Elder,Nephites
Alma the Elder,Book of Mormon character
"Alma, son of Alma",Book of Mormon character
Almodad,human biblical figure
Alobha,Kaurava
Alphaeus,human biblical figure
Alphaeus,human biblical figure
Alvah,human biblical figure
Alvan,human biblical figure
Alyosha Popovich,bogatyr
Amal,human biblical figure
Amalek,human biblical figure
Amaleki,Nephites
Amaleki,Book of Mormon character
Amaleki,Book of Mormon character
Amalickiah,Book of Mormon ruler
Amalivaca,legendary figure
Amaoshihito no Mikoto,legendary human figure
Amaoshio no mikoto,legendary human figure
Amariah,human biblical figure
Amariah,human biblical figure
Amariah,human biblical figure
Amariah,human biblical figure
Amariah,human biblical figure
Amariah,human biblical figure
Amariah,human biblical figure
Amariah,human biblical figure
Amariah,human biblical figure
Amariah II,human biblical figure
Amaron,Book of Mormon character
Amasa,human biblical figure
Amasa,human biblical figure
Amasai,human biblical figure
Amasai,human biblical figure
Amasai,human biblical figure
Amasai,human biblical figure
Amasiah,human biblical figure
Amata,legendary figure
Amathus,legendary figure
Amatoyotsuhimenomikoto,legendary human figure
Amaziah,human biblical figure
Amaziah,human biblical figure
Amaziah,human biblical figure
Amaziah,human biblical figure
Ambriel,angel in Judaism
Ambriel,angels in Christianity
Ame no Murakumo,legendary human figure
Amelsad,human biblical figure
Amenemes,mythological king
Ametarashihiko kunioshihito no mikoto,legendary human figure
Amhar,legendary figure
Ami,human biblical figure
Aminadab,Book of Mormon character
Amitābha Buddha,Buddha
Amitayus,Buddha
Amittai,human biblical figure
Amleth,legendary figure
Ammach,human biblical figure
Ammaron,Book of Mormon character
Ammiel,human biblical figure
Ammiel,human biblical figure
Ammihud,human biblical figure
Ammihud,human biblical figure
Ammihud,human biblical figure
Ammihud,human biblical figure
Ammihud,human biblical figure
Amminadab,human biblical figure
Amminadab,human biblical figure
Amminadib,human biblical figure
Ammizabad,human biblical figure
Ammon,Book of Mormon character
Ammon,Book of Mormon character
Ammoron,Book of Mormon ruler
Amnon,human biblical figure
Amnon,human biblical figure
Amoghasiddhi,Buddha
Amok,human biblical figure
Amon,human biblical figure
Amos,human biblical figure
Amos,human biblical figure
"Amos, son of Amos",Book of Mormon character
"Amos, son of Nephi",Book of Mormon character
Amoz,human biblical figure
Amram,human biblical figure
Amram,human biblical figure
Amraphel,human biblical figure
Amshuman,character in the Mahabharata
Amy,fallen angel
Amzi,human biblical figure
Amzi,human biblical figure
Anah,human biblical figure
Anah's wife,human biblical figure
Anaiah,human biblical figure
Anak,human biblical figure
Anamim,human biblical figure
Anan,human biblical figure
Anane,fallen angel
Anani,human biblical figure
Ananiah,human biblical figure
Ananias,human biblical figure
Ananiel,fallen angel
Anantanātha,God
Anantanātha,Tirthankara
Anasuya,Rishi
Anath,biblical character
Anathoth,human biblical figure
Anathoth,human biblical figure
Anchaing,legendary figure
Ancus Marcius,legendary figure
Andragius,legendary figure
Andrew the Apostle,human biblical figure
Andriambahomanana,protoplast
Aner,human biblical figure
Anga,legendary figure
Angada,Characters in the Ramayana
Angantyr,legendary figure
Angel Moroni,angels in Christianity
Angel Moroni,Book of Mormon character
Angel of Portugal,guardian angel
Anggisrana,legendary figure
Angoro,Nkisi
Angus Buidnech,legendary figure
Angwat,legendary figure
Aniam,human biblical figure
Anika the Warrior,bogatyr
Anna,God
Anna,human biblical figure
Anna,human biblical figure
Anthothijah,human biblical figure
Antichrist,biblical character
Antichrist,eschatological figure
Antionum,Book of Mormon character
Antiphus,legendary figure
Antipus,Book of Mormon character
Anub,human biblical figure
Anudhara,character in the Mahabharata
Anund,mythological king
Anund Uppsale,mythological king
Anuradha,character in the Mahabharata
Apelles of Heraklion,human biblical figure
Aphiach,human biblical figure
Apol·lònia de Barcelona,legendary figure
Apollonius of Tyre,legendary figure
Apostomus,religious character
Appaim,human biblical figure
Aquagirl,Atlanteans
Aquawoman,Atlanteans
Aquila,human biblical figure
Ara,human biblical figure
Arabi no Mikoto,legendary human figure
Arad,human biblical figure
Arah,human biblical figure
Arah,human biblical figure
Arah,human biblical figure
Arakiel,angels in Christianity
Arakiel,fallen angel
Aram,legendary figure
Aram,human biblical figure
Aram,human biblical figure
Aram,human biblical figure
Aran,human biblical figure
Aranātha,God
Aranātha,Tirthankara
Arariel,angel in Judaism
Arats,legendary figure
Araunah,human biblical figure
Arba,human biblical figure
Arbaces,legendary figure
Arbeseer,human biblical figure
Archippus,human biblical figure
Archmail,legendary figure
Ard,human biblical figure
Ard,human biblical figure
Ardā Wīrāz,legendary figure
Ardon,human biblical figure
Areg,legendary figure
Areli,human biblical figure
Śreyānsanātha,God
Śreyānsanātha,Tirthankara
Argob,human biblical figure
Aria Blaze,merfolk in a work of fiction
Aridai,human biblical figure
Aridatha,human biblical figure
Arieh,human biblical figure
Ariel,angel in Judaism
Ariel,angels in Christianity
Ariel,human biblical figure
Ariel,human biblical figure
Ariel,merfolk in a work of fiction
Ariel of Moab,human biblical figure
Arioch,human biblical figure
Arioch,human biblical figure
Arion,Atlanteans
Ariorgim,human biblical figure
Arisai,human biblical figure
Aristarchus of Thessalonica,human biblical figure
Arjuna,legendary figure
Armaros,fallen angel
Armoni,human biblical figure
Arna,human biblical figure
Arnan,human biblical figure
Arni,human biblical figure
Arnold von Winkelried,legendary hero
Arodi,human biblical figure
Arpachshad,human biblical figure
Arphugitonos,angels in Christianity
Aruṇa,Characters in the Ramayana
Örvar-Oddr,legendary hero
Arvirargus,legendary figure
Þrymr,mythological king
Arza,human biblical figure
Asa,human biblical figure
Asa,human biblical figure
Asa,human biblical figure
Asaf,human biblical figure
Asahel,biblical character
Asahel,human biblical figure
Asahel,human biblical figure
Asahel,human biblical figure
Asaiah,human biblical figure
Asaiah,human biblical figure
Asaiah,human biblical figure
Asaiah,human biblical figure
Asaph,human biblical figure
"Asaph, son of Berachiah",human biblical figure
Asarel,human biblical figure
Asbeel,angel in Judaism
Aschius,legendary figure
Asenath,human biblical figure
Ashab al-Kahf,character from the Quran and the Bible
Asharelah,human biblical figure
Ashbel,human biblical figure
Asher,human biblical figure
Ashhur,human biblical figure
Ashkenaz,human biblical figure
Ashpenaz,human biblical figure
Ashur,human biblical figure
Ashvath,human biblical figure
Asiel,human biblical figure
Asira,God
Askr,protoplast
Askr and Embla,protoplast
Aslaug,legendary figure
Asnah,human biblical figure
Aspatha,human biblical figure
Aspen Matthews,merfolk in a work of fiction
Assir,human biblical figure
Assir,human biblical figure
Assir,human biblical figure
Aswaketu,character in the Mahabharata
Asyncritus of Hyrcania,human biblical figure
Étaín,legendary figure
Ōtakemaru,legendary figure
Atarah,human biblical figure
Ater,human biblical figure
Ater,human biblical figure
Ater,human biblical figure
Athaiah,human biblical figure
Athaliah,human biblical figure
Athaliah,human biblical figure
Athaliah,human biblical figure
Athirne,legendary figure
Athlai,human biblical figure
Atlan Navi,Atlanteans
Atlanna,Atlanteans
Attai,human biblical figure
Attai,human biblical figure
Attai,human biblical figure
Attuma,Homo mermanus
Aun,mythological king
Aunan,human biblical figure
Avair Strabain,legendary figure
Avishag,human biblical figure
Avratka Devoyka,legendary figure
Azaliah,human biblical figure
Azaniah,human biblical figure
Azar,Quranic character
Azarel,human biblical figure
Azarel,human biblical figure
Azarel,human biblical figure
Azarel,human biblical figure
Azariah,human biblical figure
Azariah,human biblical figure
Azariah,human biblical figure
Azariah,human biblical figure
Azariah,human biblical figure
Azariah,human biblical figure
Azariah,human biblical figure
Azariah,human biblical figure
Azariah,human biblical figure
Azariah,human biblical figure
Azariah,human biblical figure
Azariah,human biblical figure
Azariah,human biblical figure
Azariah,human biblical figure
Azariah,human biblical figure
Azariah,human biblical figure
Azariah,human biblical figure
Azariah I,human biblical figure
Azariah II,human biblical figure
Azariah IV,human biblical figure
Azariahu,human biblical figure
Azaz,human biblical figure
Azazel,biblical character
Azazel,fallen angel
Azaziah,human biblical figure
Azaziah,human biblical figure
Azaziah,human biblical figure
Azazil,Quranic character
Azbuk,human biblical figure
Azel,human biblical figure
Azgad,human biblical figure
Azgad,human biblical figure
Aziza,human biblical figure
Azmaveth,human biblical figure
Azmaveth,human biblical figure
Azmaveth,human biblical figure
Azmaveth the Barhumite,human biblical figure
Azor,human biblical figure
Azrial,human biblical figure
Azriel,human biblical figure
Azriel,human biblical figure
Azriel,human biblical figure
Azrikam,human biblical figure
Azrikam,human biblical figure
Azrikam,human biblical figure
Azrikam,human biblical figure
Azubah,human biblical figure
Azubah,human biblical figure
Azzan,human biblical figure
Azzur,human biblical figure
Azzur,human biblical figure
Azzur (book of Jeremiah),human biblical figure
Bákász,legendary figure
Baal,biblical character
Baal,human biblical figure
Baal,human biblical figure
Baal-Hanan,human biblical figure
Baal-hanan,human biblical figure
Baalis,biblical character
Baana,human biblical figure
Baana,human biblical figure
Baana,human biblical figure
Baanah,human biblical figure
Baanah,human biblical figure
Baanah,human biblical figure
Baanah,human biblical figure
Baara,human biblical figure
Baaseiah,human biblical figure
Babhruvāhana,character in the Mahabharata
Bachir,human biblical figure
Baco,legendary figure
Badang,legendary figure
Bagdemagus,legendary figure
Bahlika,character in the Mahabharata
Bahubali,God
Bahwasi,character in the Mahabharata
Baihuang,mythological king
Bakbakkar,human biblical figure
Bakbuk,human biblical figure
Bakbukiah,human biblical figure
Bakol,human biblical figure
Baksei Chamkrong,legendary human figure
Balaam,human biblical figure
Balaam's Ass,biblical animal
Baladan,biblical character
Balak,human biblical figure
Balam Quitzé,protoplast
Baligant,legendary figure
Balthazar,human biblical figure
Balto,legendary figure
Bambang Sumitra,character in the Mahabharata
Banasura,character in the Mahabharata
Bani,human biblical figure
Bani,human biblical figure
Bani,human biblical figure
Bani,human biblical figure
Bani,human biblical figure
Bani,human biblical figure
Bani,human biblical figure
Bani,human biblical figure
Bani,human biblical figure
Bani,human biblical figure
Bani,human biblical figure
Barabbas,human biblical figure
Barachel,human biblical figure
Barachiel,angel in Judaism
Barachiel,angels in Christianity
Barachiel,archangel
Barak,human biblical figure
Baraka,human biblical figure
Barakiel,human biblical figure
Baraqiel,fallen angel
Barbara Komnena,legendary figure
Barbarika,character in the Mahabharata
Bariah,human biblical figure
Barkos,human biblical figure
Barraiya,God
Bartholomew the Apostle,human biblical figure
Bartimaeus,human biblical figure
Baruch,human biblical figure
Baruch,human biblical figure
Baruch,human biblical figure
Baruch ben Neriah,human biblical figure
Barzilai the Giladi,human biblical figure
Barzillai,biblical character
Barzillai,human biblical figure
Barzillai,human biblical figure
Basemath,human biblical figure
Basemath,human biblical figure
Bat Choua,human biblical figure
Batariel,fallen angel
Bathsheba,human biblical figure
Bavvai,human biblical figure
Bazluth,human biblical figure
Bʼalam Agab,protoplast
Bealiah,human biblical figure
Beast of Gévaudan,legendary figure
Beast of the Earth,eschatological figure
Bebai,human biblical figure
Bebai,human biblical figure
Beburos,angels in Christianity
Becher,human biblical figure
Becorath,human biblical figure
Bedad,human biblical figure
Bedivere,legendary human figure
Beera,human biblical figure
Beerah,human biblical figure
Beeri,human biblical figure
Beeri,human biblical figure
Bega,legendary figure
Behemoth,biblical character
Beker,human biblical figure
Bela,human biblical figure
Bela,human biblical figure
Bela ben Beor,human biblical figure
Beli Mawr,legendary figure
Bella Hartley,merfolk in a work of fiction
Belshazzar,human biblical figure
Ben,human biblical figure
Ben-abinadab,human biblical figure
Ben-Ammi,human biblical figure
Ben-Deker,human biblical figure
Ben-Geber,human biblical figure
Ben-Hadad I,human biblical figure
Ben-hail,human biblical figure
Ben-hanan,human biblical figure
Ben-Hesed,human biblical figure
Ben-Hur,human biblical figure
Ben-zoheth,human biblical figure
Benaiah,human biblical figure
Benaiah,human biblical figure
Benaiah,human biblical figure
Benaiah,human biblical figure
Benaiah,human biblical figure
Benaiah,human biblical figure
Benaiah,human biblical figure
Benaiah,human biblical figure
Benaiah,human biblical figure
Benaiah,human biblical figure
Benaiah,human biblical figure
Benaiah,human biblical figure
Beninu,human biblical figure
Benjamin,human biblical figure
Benjamin,human biblical figure
Benjamin,human biblical figure
Benjamin,human biblical figure
Benjamin,human biblical figure
Beno,human biblical figure
Beor,human biblical figure
Beor,human biblical figure
Beowulf,legendary figure
Bera,human biblical figure
Beracah,human biblical figure
Beraiah,human biblical figure
Berechiah,biblical character
Berechiah,human biblical figure
Berechiah,human biblical figure
Berechiah,human biblical figure
Berechiah,human biblical figure
Berechiah,human biblical figure
Bered,human biblical figure
Beriah,human biblical figure
Bernardo del Carpio,legendary hero
Bernat,mythological king
Bernat,legendary figure
Bethuel,human biblical figure
Bevis of Hampton,legendary figure
Bezalel,human biblical figure
Bezaliel,fallen angel
Bhīma,legendary figure
Bhūriśravas,character in the Mahabharata
Bhadra,Ashtabharya
Bhagadatta,character in the Mahabharata
Bhaiṣajyaguru Buddha,Buddha
Bharata,Characters in the Ramayana
Bhimadewa,character in the Mahabharata
Bhrigu,Rishi
Biblical Magi,legendary figure
Bichri,human biblical figure
Bidkar,human biblical figure
Big Joe Mufferaw,legendary hero
Bigta,human biblical figure
Bigthan,human biblical figure
Bildad,human biblical figure
Bilhah,human biblical figure
Bilhan,human biblical figure
Bilqis,Quranic character
Birsha,human biblical figure
Birushana Buddha,Buddha
Bishop of Hereford,legendary figure
Bithiah,human biblical figure
Björn at Haugi,mythological king
Björn Eriksson,mythological king
Björn Ironside,mythological king
Black Knight,legendary figure
Bladud,legendary figure
Blaise,legendary figure
Blanche de Beaumont,legendary figure
Blastus,human biblical figure
Bledudo,legendary figure
bleeding woman,human biblical figure
Bloody Mary,legendary figure
Bluebeard,legendary figure
Boaz,human biblical figure
Bodb Derg,legendary figure
Bohan,human biblical figure
Bos de Bénac,legendary figure
Bouki,legendary figure
Bova Korolevich,bogatyr
boy possessed by a demon,human biblical figure
Brahma Sahampati,legendary figure
Bres,mythological king
Breth mac Buthut,legendary figure
Brigo,legendary figure
Brihadratha,character in the Mahabharata
Brihadratha Ikshvaku,legendary figure
Brihannala,character in the Mahabharata
Brother of Jared,Book of Mormon character
Bruteno,legendary figure
Brutus,legendary figure
Brutus of Troy,legendary king of Britain
Buðli,legendary figure
Bukki,human biblical figure
Bunah,human biblical figure
Buscalus,legendary figure
Buz,human biblical figure
Buzi,religious character
Buzi,human biblical figure
Cadmus,legendary founder
Cain,human biblical figure
Cain's wife,human biblical figure
Cainan,human biblical figure
Caleb,human biblical figure
Caleb,human biblical figure
Calogrenant,legendary figure
Camael,angel in Judaism
Camael,angels in Christianity
Cambra,legendary figure
Camie,merfolk in a work of fiction
Camilla,legendary figure
Canaan,human biblical figure
Candace of Meroë,mythological king
Cangjie,legendary figure
Cú Chulainn,legendary hero
Cú Roí,mythological king
Cú Roí,legendary figure
Caphtorim,human biblical figure
Captain Moroni,Nephites
Captain Moroni,Book of Mormon character
Caradocus,legendary figure
Caranus of Macedon,legendary human figure
Carcas,human biblical figure
Carmi,human biblical figure
Carshena,human biblical figure
Cartandis,legendary figure
Carucitra,character in the Mahabharata
Casluhim,human biblical figure
Caspar,human biblical figure
Cassiel,angel in Judaism
Catellus,legendary figure
Ceasg,mermaid
Ceife (maí),legendary figure
Celidonius,human biblical figure
Chūjō-hime,legendary figure
Chandikeshvara,legendary figure
Chandraketu,Characters in the Ramayana
Chandraprabha,God
Chandraprabha,Tirthankara
Chandravarma Kamboja,character in the Mahabharata
Chang'e,xiannü
Chantong,mythological king
Chao Tai Pung,legendary figure
Chłop Rybka,legendary figure
Charles Rich,legendary figure
Charlotte Watsford,merfolk in a work of fiction
Chau-Khun-Kum,legendary figure
Chau-Khun-ming,legendary figure
Chau-Lu-Chu,legendary figure
Chau-Lu-lu,legendary figure
Chau-Nga-Chu,legendary figure
Chau-Sang-mwun,legendary figure
Chau-Sang-yaw,legendary figure
Chau-Shen-Nga,legendary figure
Chau-Tai-pha,legendary figure
Chau-Tai-pha,legendary figure
Chau-Tai-Pum,legendary figure
Chazaqiel,fallen angel
Chedorlaomer,human biblical figure
Chelubey,legendary human figure
Chemish,Book of Mormon character
Chenaanah,human biblical figure
Chenani,human biblical figure
Chenfang,mythological king
Chengjiu,mythological king
Cheran,human biblical figure
Cherin,legendary figure
Chernava,mermaid
Chesed,human biblical figure
Chica Pelega,legendary figure
Chijiang,legendary figure
Child Saint John,human biblical figure
Chileab,human biblical figure
Chilion,human biblical figure
Chimeng Xiangu,immortal
Chislon,human biblical figure
Chisongzi,immortal
Chitrangada,character in the Mahabharata
Chitrasena,character in the Mahabharata
Chiyou,legendary figure
Chloë,human biblical figure
Christ Child,human biblical figure
Chubak,bogatyr
Churilo Plenkovich,bogatyr
Churilo Plenkovich,legendary figure
Chuza,human biblical figure
Chyavana,Rishi
Cigfa,legendary figure
Cilydd,legendary figure
Citrangga,character in the Mahabharata
Clarenza,legendary figure
Claudia,biblical character
Clement (Philippians 4:3),biblical character
Cleo Sertori,merfolk in a work of fiction
Cleopas,human biblical figure
Clopas,human biblical figure
Coel Hen,legendary figure
Coenus,legendary human figure
Colonel Plug,legendary figure
Comte Arnau,legendary figure
Conaire Mór,legendary figure
Conall Cernach,legendary hero
Conaniah,human biblical figure
Conchobar mac Nessa,mythological king
Condwiramurs,legendary figure
Coqsseʻleelʻee,legendary figure
Corcoaia,legendary figure
Cordelia of Britain,legendary figure
Corianton,Book of Mormon character
Coriantumr,Book of Mormon ruler
Coriantumr,Book of Mormon character
Cornelius the Centurion,human biblical figure
Corson,fallen angel
Cosam,human biblical figure
Cozbi,human biblical figure
Creirwy,legendary figure
Crispus of Chalcedon,human biblical figure
Ctimenus,legendary figure
Ctirad,legendary figure
Culhwch,legendary figure
Cunda,legendary figure
Cush,human biblical figure
Cush,human biblical figure
Cushi,human biblical figure
Cutiale,legendary figure
Cynhafal fab Argad,legendary figure
Cyrus the Great in the Bible,human biblical figure
Dīpankara Buddha,Buddha
Dadhichi,religious character
Dag the Wise,mythological king
Dagon,God
Dagonet,legendary human figure
Dalaiah,human biblical figure
Dam Din,legendary figure
Dama Blanca d'Auvinyà,legendary figure
Damaris,human biblical figure
Damocles,legendary figure
Damon of Athens,legendary figure
Damu,God
Dan,human biblical figure
Dan II of Denmark,legendary figure
Dan of Zhou,legendary figure
Danao,legendary figure
Dancus,legendary figure
Dangun,mythological king
Dangun,legendary founder
Daniel,angels in Christianity
Daniel,fallen angel
Daniel,human biblical figure
Daniel,human biblical figure
Danius,mythological king
Dantavakra,character in the Mahabharata
Dante's Satan,fallen angel
Daode Tianzun,immortal
Daoji,legendary figure
Dapifero di Montcada,legendary figure
Daragang Magayon,legendary figure
Darda,human biblical figure
Darius the Great in the Bible,human biblical figure
Darius the Mede,human biblical figure
Dasharatha,Characters in the Ramayana
Dathan,human biblical figure
Dating,mythological king
Daughter of Jephthah,human biblical figure
daughter of Putiel,human biblical figure
Daunus,mythological king
David,human biblical figure
David in Islam,Qu'ranic prophet
Debir,human biblical figure
Deborah,human biblical figure
Deborah,human biblical figure
Dedan,human biblical figure
Dedan,human biblical figure
Deirdre,legendary figure
Deker,human biblical figure
Delaiah,human biblical figure
Delilah,human biblical figure
Demas,human biblical figure
Demetrius,human biblical figure
Den,merfolk in a work of fiction
Deocliunon,legendary human figure
Derfel,legendary figure
Deu-la-Deu Martins,legendary figure
Deuel,human biblical figure
Devapi,character in the Mahabharata
Devayānī,character in the Mahabharata
devil,biblical character
Devil (Lumeçon),legendary figure
Devil in Christianity,biblical character
Dhṛṣṭadyumna,character in the Mahabharata
Dhanumati,character in the Mahabharata
Dhanumati,character in the Mahabharata
Dharmabhrit,Characters in the Ramayana
Dharmanātha,God
Dharmanātha,Tirthankara
Dharmathakur,God
Dhu Shanatir,legendary figure
Dhu'l-Qarnayn,Quranic character
Di Penates,God
Diablo Cojuelo,legendary figure
Diamond Realm Vairocana,Buddha
Diblaim,human biblical figure
Dibri,human biblical figure
Diego Laínez,legendary figure
Dikla,human biblical figure
Dikr,God in Abrahamic religions
Dilīpa,Characters in the Ramayana
Dina,legendary figure
Dinah,human biblical figure
Dinah,human biblical figure
Diotrephes,human biblical figure
Disa,legendary figure
disciple whom Jesus loved,human biblical figure
Dishan,human biblical figure
Dishon,human biblical figure
Dishon,human biblical figure
Dives,human biblical figure
Dobiel,angel in Judaism
Dobrynya Nikitich,bogatyr
Dodo,human biblical figure
Doeg the Edomite,human biblical figure
Dolphin,Atlanteans
Domalde,mythological king
Don Francisco de Tolède,legendary figure
Don Pedro Garcias,legendary figure
Donghu,mythological king
Dorcas,human biblical figure
Dorma,Homo mermanus
Dornadilla,mythological king
Dorus,legendary progenitor
dove released by Noah,biblical animal
Draupadī,legendary figure
Draupadeyas,character in the Mahabharata
Draupati Amman,character in the Mahabharata
Dretapara,character in the Mahabharata
Droṇa,legendary figure
Drummer of El Bruc,legendary figure
Drupada,character in the Mahabharata
Duḥśāsana,character in the Mahabharata
Duṣyanta,character in the Mahabharata
Duhsala,character in the Mahabharata
Duke Stepanovich,bogatyr
Dumah,angel in Judaism
Dumah,human biblical figure
Dunay Ivanovich,bogatyr
Durbalaki,character in the Mahabharata
Durdharsa,character in the Mahabharata
Durmada,character in the Mahabharata
Duskarna,character in the Mahabharata
Dyesebel,merfolk in a work of fiction
Dyggvi,mythological king
Eadgils,mythological king
Earth and Heaven (Hurrian religion),God
Ebal,human biblical figure
Ebed,human biblical figure
Ebed,human biblical figure
Ebed-Melech,human biblical figure
Eber,prophet of Islam
Eber,human biblical figure
Echidna,biblical animal
Eden,human biblical figure
Edern ap Nudd,legendary figure
Edna,human biblical figure
Edna,human biblical figure
EEEEEEEEEluh,merfolk in a work of fiction
Efron,human biblical figure
Egeria,legendary figure
Egertius,legendary figure
Egil One-Hand,legendary figure
Eglah,human biblical figure
Eglon,human biblical figure
Egyptus,religious character
Ehi,human biblical figure
Ehud,human biblical figure
Eight Immortals,immortal
Ein Sof,God
Einbeth,legendary figure
Eisheth,angel in Judaism
Ekākṣaroṣṇīṣacakra,Buddhoṣṇīṣa
Eker,human biblical figure
Ekke Nekkepenn,merman
Ekke Nekkepenn,legendary figure
El buner d'Ordino,legendary figure
El Cantare,God
El Mansuet,legendary figure
Elah,human biblical figure
Elah,human biblical figure
Elah,human biblical figure
Elaine,legendary figure
Elaine of Benoic,legendary figure
Elaine of Corbenic,legendary figure
Elaine the Younger,legendary figure
Elam,human biblical figure
Elasa,human biblical figure
Elasah (son of Shaphan),human biblical figure
Elda'a,biblical character
Eldad,human biblical figure
Eldol,legendary figure
Eleasah,human biblical figure
Eleazar,human biblical figure
Eleazar,human biblical figure
Eleazar,human biblical figure
Eleazar,human biblical figure
Eleazar,human biblical figure
Eleazar,human biblical figure
Eleie,human biblical figure
Elhanan son of Dodo,human biblical figure
Elhanan son of Jair,human biblical figure
Eli,human biblical figure
Eli-zaphan,human biblical figure
Eliab,biblical character
Eliab,human biblical figure
Eliab,human biblical figure
Eliada,human biblical figure
Eliakim,human biblical figure
Eliakim,human biblical figure
Eliakim,human biblical figure
Eliam,human biblical figure
Eliaph,human biblical figure
Eliasaph,human biblical figure
Eliashib,human biblical figure
Elibouban,legendary figure
Elidad,human biblical figure
Elie of Saint Gilles,legendary figure
Eliezer,human biblical figure
Eliezer,human biblical figure
Eliezer,human biblical figure
Eliezer son of Dodavah,biblical character
Elihoreph,human biblical figure
Elihu,human biblical figure
Elihu,human biblical figure
Elijah,human biblical figure
Elijah in Islam,prophet of Islam
Elijah in Islam,Quranic character
Elika the Harodite,human biblical figure
Elimelech,human biblical figure
Elioenai,human biblical figure
Elioud,angel in Judaism
Eliphaz,human biblical figure
Eliphaz,human biblical figure
Eliphelet,human biblical figure
Eliphelet,human biblical figure
Elisha,human biblical figure
Elisha in Islam,prophet of Islam
Elisha in Islam,Quranic character
Elishah,human biblical figure
Elishama,human biblical figure
Elishama,human biblical figure
Elishama,human biblical figure
Elishama,human biblical figure
Elishama,human biblical figure
Elisheba,human biblical figure
Elishua,human biblical figure
Eliud,legendary figure
Eliud,human biblical figure
Eliwlod,legendary figure
Elizabeth,human biblical figure
Elkanah,human biblical figure
Elkanah,human biblical figure
Elkanah,human biblical figure
Elkanah,human biblical figure
Elmadam,human biblical figure
Elnathan,human biblical figure
Elon,human biblical figure
Elon,human biblical figure
Elon the Hittite,human biblical figure
Elyan the White,legendary figure
Elymas,human biblical figure
Embla,protoplast
Emma Gilbert,merfolk in a work of fiction
Emperor Annei,legendary human figure
Emperor Itoku,legendary human figure
Emperor Kōan,legendary human figure
Emperor Kōgen,legendary human figure
Emperor Kaika,legendary human figure
Emperor Kōshō,legendary human figure
Emperor Ku,legendary figure
Emperor Suizei,legendary human figure
Empress Jingū,legendary human figure
Empress Kuwashihime,legendary human figure
Empress Mimakihime,legendary human figure
Empress Oshihime,legendary human figure
Empress Utsusikome,legendary human figure
Emund Eriksson,mythological king
En no Gyōja,legendary figure
Enan,human biblical figure
Enniaunus,legendary figure
Enoch,human biblical figure
Enoch,human biblical figure
Enoch,human biblical figure
Enoch in Judaism,biblical character
Enos,Nephites
Enos,human biblical figure
Enos,Book of Mormon character
Ensuhkeshdanna,legendary figure
Enzara,biblical character
Eochaid Cairbre,legendary figure
Epaphras,human biblical figure
Ephah,human biblical figure
Ephai the Netophathite,human biblical figure
Epher,human biblical figure
Ephlal,human biblical figure
Ephod,human biblical figure
Ephraim,human biblical figure
Ephrath,human biblical figure
Er,human biblical figure
Er,human biblical figure
Eran,human biblical figure
Erastus of Corinth,human biblical figure
Eri,human biblical figure
Eric,mythological king
Eric Anundsson,mythological king
Eridah,human biblical figure
Erik Björnsson,mythological king
Erik Refilsson,mythological king
Eryx,mythological king
Esau,human biblical figure
Esclabor,legendary figure
Esclados,legendary human figure
Eser,biblical character
Eshban,human biblical figure
Eshcol,human biblical figure
Eshiki,legendary human figure
Esli,human biblical figure
Estha,human biblical figure
Esther,human biblical figure
Etana,mythological king
Eternal Buddha,Buddha
Ethan,human biblical figure
Ether,Book of Mormon character
Ethiopian eunuch,human biblical figure
Ethni,human biblical figure
Eubulus,biblical character
Eunice,human biblical figure
Euodia,human biblical figure
Eupaty Kolovrat,bogatyr
Eutychus,human biblical figure
Eve,protoplast
Eve,human biblical figure
Eve in Islam,protoplast
Even,legendary human figure
Even,legendary founder
Evi,human biblical figure
Eysteinn Beli,mythological king
Ezbai,human biblical figure
Ezbon,human biblical figure
Ezekiel,human biblical figure
Ezekiel's cherub in Eden,angel in Judaism
Ezekiel's cherub in Eden,angels in Christianity
Ezekiel's cherub in Eden,cherub
Ezra,human biblical figure
Ezrael,angels in Christianity
Fūma Kotarō,legendary figure
Félix,legendary figure
Father Christmas,legendary figure
Father of One no Mikoto,legendary human figure
Faust,legendary figure
Fen,Homo mermanus
Feng Leishi,legendary figure
Fengg,legendary figure
Fenrir,eschatological figure
Fergus mac Róich,legendary hero
Fierabras,legendary figure
Fiery flying serpent,biblical animal
Fillonce,merfolk in a work of fiction
Finana Ryugu,merfolk in a work of fiction
First Horseman of the Apocalypse,legendary figure
Fish-man,legendary figure
Fisher King,legendary figure
Five Buddhas of the Womb Realm,Buddha
Five Dragons,mythological king
Five Tathagatas,Tathāgata
Fleance,legendary figure
Florence de Rome,legendary figure
Florimont,legendary figure
Florinda,legendary figure
Flying Spaghetti Monster,God
Fortunatus the Apostle,human biblical figure
Four Kumaras,Rishi
Fourth Horseman of the Apocalypse,biblical character
Fourth Horseman of the Apocalypse,legendary figure
Fra Joan Garí,legendary figure
Fróði,mythological king
Francus,legendary figure
Freawaru,legendary figure
Frotho III,legendary human figure
Frute,legendary figure
Fuefuki Gonzaburo,legendary figure
Fukaboshi,merfolk in a work of fiction
Futomawakahiko,legendary human figure
Futomawakahime-no-mikoto,legendary human figure
Göte,mythological king
Gaal,human biblical figure
Gaap,fallen angel
Gabriel,angel in Judaism
Gabriel,angels in Christianity
Gabriel,archangel
Gabuthelon,angels in Christianity
Gad,human biblical figure
Gad,human biblical figure
Gaddi,human biblical figure
Gaddiel,human biblical figure
Gadi,human biblical figure
Gadreel,fallen angel
Gadrel,archangel
Gaetã,biblical character
Gaham,human biblical figure
Gaheris,legendary figure
Gaidad,human biblical figure
Gaius,human biblical figure
Gaius Cluilius,mythological king
Gaius Mucius Scaevola,legendary figure
Gaius of Corinth,human biblical figure
Galahad,legendary figure
Galeschin,legendary figure
Gama Sennin,immortal
Gamaliel,human biblical figure
Gambara,legendary figure
Gamemnae,Atlanteans
Gamigin,fallen angel
Gāndhārī,character in the Mahabharata
Ganyctor,legendary figure
Gareb the Ithrite,human biblical figure
Garin le Lorrain,legendary figure
Garshasp,mythological king
Garth,Atlanteans
Garuda,Characters in the Ramayana
Gatam,human biblical figure
Gatherer,biblical character
Gautrekr,legendary figure
Gawain,legendary figure
Gayant,legendary figure
Gborogboro,protoplast
Ge-sar,legendary figure
Geber,human biblical figure
Gedaliah,human biblical figure
Gedaliah,human biblical figure
Gedaliah,human biblical figure
Gehazi,human biblical figure
Gemalli,human biblical figure
Gemariah,human biblical figure
Gemariah,human biblical figure
Genesius of Rome,legendary figure
Genubath,human biblical figure
Gera,human biblical figure
Gera,human biblical figure
Gera,human biblical figure
Gerasene demoniac,human biblical figure
Gershom,human biblical figure
Gershon,human biblical figure
Gertraud Kandlerin,legendary figure
Gerutha,legendary figure
Geshem the Arabian,human biblical figure
Gether,human biblical figure
Getian,mythological king
Geuel,human biblical figure
Gid,Nephites
Gid,Book of Mormon character
Gideon,human biblical figure
Gideon,Book of Mormon character
Gideoni,human biblical figure
Gidgiddonah,Book of Mormon character
Gilbert Whitehand,legendary figure
Gilead,human biblical figure
Gilead,human biblical figure
Gilgal,Book of Mormon character
Gilgamesh,mythological king
Ginath,human biblical figure
Ginevra degli Amieri,legendary figure
Gionitus,human biblical figure
Gishiki Hachimen Daiō,legendary figure
Gjúki,mythological king
Glanda Kambilla Divonovich,legendary figure
Glooscap,legendary figure
Gnaeus Marcius Coriolanus,legendary figure
God in Buddhism,God
God in Catholicism,God
God in Christianity,God in Abrahamic religions
God in Islam,God in Abrahamic religions
God in Islam,Quranic character
God in Judaism,God in Abrahamic religions
God in Mormonism,God in Christianity
God in Sikhism,God
God in the Bahá'í Faith,God in Abrahamic religions
God the Son,God in Christianity
Goffar the Pict,legendary figure
Gog,human biblical figure
Gogmagog,legendary figure
Goleuddydd,legendary figure
Golias,legendary figure
Goliath,human biblical figure
Golon,human biblical figure
Gomer,human biblical figure
Gomer,human biblical figure
Goneril,legendary figure
Gong Gu,legendary figure
Gonggong,legendary figure
Gordafarid,legendary figure
Gorlois,legendary figure
Gostomysl,legendary figure
Goulong,legendary figure
Gracianus Municeps,legendary figure
Gram of Denmark,mythological king
Green Knight,legendary figure
Gregorius Maurus,legendary figure
Griflet,legendary figure
Guðmundr,mythological king
Guacimara,legendary figure
Guangchengzi,immortal
Gudrun,legendary figure
Gudrun,legendary figure
Guiderius,legendary figure
Guifré de Rià,legendary figure
Guinevere,legendary figure
Guiomar,legendary figure
Guni,biblical character
Gurgintius,legendary figure
Gurgustius,legendary figure
Guy of Warwick,legendary figure
Guyi,mythological king
Gwalchafed,legendary figure
Gwenddydd,legendary figure
Gwenhwyfach,legendary figure
Gwion,legendary figure
Gwythyr ap Greidawl,legendary figure
Gylfi,mythological king
Háma,legendary figure
Högne,mythological king
Hōdō,Rishi
Hadad,human biblical figure
Hadad,human biblical figure
Hadad ben Bedad,human biblical figure
Hadad the Edomite,human biblical figure
Hadadezer,human biblical figure
Hadadezer ben Rehob,human biblical figure
Hadburg,mermaid
Hadingus,mythological king
Hadoram,human biblical figure
Hadraniel,angel in Judaism
Hadraniel,angels in Christianity
Hae,legendary human figure
Haeirodo,legendary human figure
Hagar,religious character
Hagar,human biblical figure
Haggi,human biblical figure
Haggith,human biblical figure
Halfdan the Valiant,mythological king
Halga,legendary figure
Ham,human biblical figure
Haman,human biblical figure
Haman in Islam,character from the Quran and the Bible
Hammedatha,human biblical figure
Hammoleheth,human biblical figure
Hamor,human biblical figure
Hamul,human biblical figure
Hamutal,human biblical figure
Hanamel,human biblical figure
Hanan,human biblical figure
Hanan,human biblical figure
Hananel,human biblical figure
Hanani,human biblical figure
Hanani,human biblical figure
Hananiah,biblical character
Hananiah,human biblical figure
Hananiah,human biblical figure
Hananiah,human biblical figure
Haniel,angel in Judaism
Haniel,archangel
Hannah,human biblical figure
Hanniel,human biblical figure
Hanniel,human biblical figure
Hanoch,human biblical figure
Hans Heiling,legendary figure
Hanuman,Characters in the Ramayana
Haoying,mythological king
Haran,human biblical figure
Harbona,human biblical figure
Harhas,human biblical figure
Harima no Inabi no Ooiratsume,legendary human figure
Hariph,human biblical figure
Harmon (son of Elam),human biblical figure
Harun,prophet of Islam
Harun,Quranic character
Haruz,human biblical figure
Hasadiah,human biblical figure
Hashmal,angel in Judaism
Hashubah,human biblical figure
Hata no Irogu,legendary figure
Hata no Kawakatsu,legendary figure
Hathach,human biblical figure
Hattush,human biblical figure
Havilah,human biblical figure
Havilah,human biblical figure
Hawaiʻiloa,legendary figure
Hayabahu,character in the Mahabharata
Hayk,legendary figure
Haymon,legendary figure
Hazana,legendary figure
Hazarmaveth,human biblical figure
Hazo,human biblical figure
He whom God shall make manifest,messiah
Heardred,legendary figure
Heavenly Sovereign,mythological king
Heber,human biblical figure
Heber the Kenite,human biblical figure
Hebron,human biblical figure
Hebron,human biblical figure
Hedin Hjarrandason,mythological king
Helaman,Book of Mormon character
"Helaman, son of Helaman",Book of Mormon character
Helche,legendary figure
Heleb son of Baanah,biblical character
Helek,human biblical figure
Helen of Troy,legendary progenitor
Helez,human biblical figure
Helez the Paltite,biblical character
Heli,human biblical figure
Heli da Britânia,legendary figure
Hellen,legendary progenitor
Helon,human biblical figure
Heluo,mythological king
Hemam,human biblical figure
Heman,human biblical figure
Heman,human biblical figure
Heman the Ezrahite,human biblical figure
Hemdan,human biblical figure
Hengist,legendary figure
Henry of Bonn,legendary figure
Heoroweard,legendary figure
Hepher,human biblical figure
Hephzibah,human biblical figure
Herelings,legendary figure
Heremod,legendary figure
Herleif,legendary figure
Hermas,biblical character
Hermes,biblical character
Hermogenes,human biblical figure
Herne the Hunter,legendary figure
Herod,human biblical figure
Herodias,human biblical figure
Hersilia,legendary human figure
Hesed,human biblical figure
Heth,human biblical figure
Hexu,mythological king
Hezekiah,human biblical figure
Hezekiah,human biblical figure
Hezekiah,human biblical figure
Hezro the Carmelite,human biblical figure
Hezron,human biblical figure
Hezron,human biblical figure
Hibasuhimenomikoto,legendary human figure
Hidari Jingorō,legendary figure
Hiddai,human biblical figure
Hiko Wanabe Oshijinmei,legendary human figure
Hikoimasu,legendary human figure
Hikoyuki no Mikoto,legendary human figure
Hilaria,legendary human figure
Hilda,legendary human figure
Hilkiah,biblical character
Hilkiah,human biblical figure
Hilkiah,human biblical figure
Hillel the Pirathonite,biblical character
Himetataraisuzuhime,legendary human figure
Himni,Nephites
Himni,Book of Mormon character
Hinnom,human biblical figure
Hirah the Adullamite,human biblical figure
Hiram,human biblical figure
Hiramera,merfolk in a work of fiction
Hirlanda,legendary figure
Hjalmar and Ingeborg,legendary figure
Hobab,human biblical figure
Hodaiah,human biblical figure
Hoglah,human biblical figure
Hoham,biblical character
Holofernes,human biblical figure
Holzknechtseppl,legendary figure
Hooded Spirits,religious character
Hope Summers,messiah
Hophni,human biblical figure
Horam,biblical character
Hori,legendary figure
Hori,human biblical figure
Hori,human biblical figure
Horsa,legendary figure
Hosea,human biblical figure
Hoshaiah,human biblical figure
Hoshama,human biblical figure
Hostato,legendary figure
Hou Yi,immortal
Hrólfr Kraki,mythological king
Hrólfr Kraki,legendary figure
Hraudung,mythological king
Hreiðmarr,mythological king
Hrethel,legendary figure
Hrothgar,legendary figure
Hu Gadarn,legendary figure
Hua Hu,legendary figure
Hua Mulan,legendary hero
Huangtan,mythological king
Hui,legendary figure
Hul,human biblical figure
Huldah,human biblical figure
Humber the Hun,legendary figure
Humli,legendary figure
Hundun,mythological king
Hung Hei-gun,legendary figure
Huppim,human biblical figure
Hur,human biblical figure
Hur,human biblical figure
Hur,human biblical figure
Hushai,human biblical figure
Hvitserk,legendary figure
Hygd,legendary figure
Hygelac,legendary figure
Hymenaeus,human biblical figure
Hyouzou,merfolk in a work of fiction
Ibhar,human biblical figure
Ibrahim,religious character
Ibzan,human biblical figure
Ichabod,human biblical figure
Iddo,human biblical figure
Iddo,human biblical figure
Ide,legendary human figure
Idris,prophet of Islam
Igal,human biblical figure
Igal,human biblical figure
Igdaliah,human biblical figure
Igeal,human biblical figure
Igigi,God
Igraine,legendary figure
Ikaga Shikoo,legendary human figure
Ikagashikome,legendary human figure
Ilavida,Characters in the Ramayana
Ilya Muromets,bogatyr
Imlah,human biblical figure
Immanuel,human biblical figure
Immer,human biblical figure
Immer (book of Jeremiah),human biblical figure
Impenitent thief,human biblical figure
Imra,God
Inatsu-hime no Mikoto,legendary human figure
Indradyumna,character in the Mahabharata
Ingjaldr,mythological king
Ingjaldr,legendary figure
Ingvar,mythological king
Iphitus of Elis,legendary figure
Iqi Bʼalam,protoplast
Ira of Tekoa,human biblical figure
Ira the Ithrite,human biblical figure
Irad,human biblical figure
Iram,human biblical figure
Irijah,human biblical figure
Isaac,human biblical figure
Isabel de Segura,legendary figure
Isaiah,human biblical figure
Isaiah's wife,human biblical figure
Iscah,human biblical figure
Iseult,legendary figure
Iseult of the White Hands,legendary figure
Ish-bosheth,human biblical figure
Ishbak,human biblical figure
Ishbi-Benob,human biblical figure
Ishi,human biblical figure
Ishilly,merfolk in a work of fiction
Ishmael,prophet of Islam
Ishmael,human biblical figure
Ishmael,Book of Mormon character
Ishmael son of Nethaniah,human biblical figure
Ishuah,human biblical figure
Ishvi,human biblical figure
Ishvi,human biblical figure
Ismail,prophet of Islam
Ismail,religious character
Issachar,human biblical figure
Istervo,legendary figure
Isuzuyorihime,legendary human figure
Italus,legendary progenitor
Ithai,human biblical figure
Ithamar,human biblical figure
Ithobaal I,human biblical figure
Ithran,human biblical figure
Ithream,human biblical figure
Ittai,human biblical figure
Ivar Vidfamne,mythological king
Izhar,human biblical figure
Izhar,human biblical figure
Izushi Kokoro no Ōomi no Mikoto,legendary human figure
"J. R. ""Bob"" Dobbs",legendary figure
Jörmungandr,eschatological figure
Jónakr,mythological king
Jaṭāyu,Characters in the Ramayana
Jaare-oregim,human biblical figure
Jaazaniah,human biblical figure
"Jaazaniah, son of Shaphan",human biblical figure
Jabal,human biblical figure
Jabali,Characters in the Ramayana
Jabez,human biblical figure
Jabin,biblical character
Jabin,biblical character
Jacob,human biblical figure
Jacob,human biblical figure
Jacob,Book of Mormon character
Jada,human biblical figure
Jahath,human biblical figure
Jahaziel,human biblical figure
Jahdai,biblical character
Jahleel,human biblical figure
Jair,human biblical figure
Jair,human biblical figure
Jair,human biblical figure
Jair,human biblical figure
Jairus,human biblical figure
Jairus' daughter,human biblical figure
Jakh Botera,legendary figure
Jakin,human biblical figure
Jalal Khan,legendary figure
Jalam,human biblical figure
Jalut,Quranic character
Jamatonokunikahime,legendary human figure
Jāmbavān,Characters in the Ramayana
Jāmbavatī,Ashtabharya
Jambres,human biblical figure
"James, son of Alphaeus",human biblical figure
Jamin,human biblical figure
Jamin,human biblical figure
Jamliku,biblical character
Jan Usmoshvets,bogatyr
Jan van Hunks,legendary figure
Janaka,Characters in the Ramayana
Jangx Vangb,protoplast
Jannai,human biblical figure
Jannes,human biblical figure
Japheth,human biblical figure
Japhia,biblical character
Japhia,biblical character
Jarasanda,character in the Mahabharata
Jaratkaru,character in the Mahabharata
Jared,human biblical figure
Jared,Book of Mormon character
Jarha,human biblical figure
Jarim,human biblical figure
Jarom,Book of Mormon character
Jaroslav of Sternberg,legendary figure
Jōrurihime,legendary figure
Jashen,human biblical figure
Jashub,human biblical figure
Jasma Odan,legendary figure
Jason of Thessalonica,human biblical figure
Jaun Zuria,legendary figure
Javan,human biblical figure
Jayadratha,character in the Mahabharata
Jeberechiah,human biblical figure
Jecoliah,human biblical figure
Jedduram,human biblical figure
Jedidah,human biblical figure
Jeduthun,human biblical figure
Jeerenche Chechen,legendary figure
Jegudiel,angel in Judaism
Jegudiel,angels in Christianity
Jegudiel,archangel
Jehiel,human biblical figure
Jehoahaz,human biblical figure
Jehoash,human biblical figure
Jehoash,human biblical figure
Jehoiada,human biblical figure
Jehoiada,human biblical figure
Jehoiada,human biblical figure
Jehoiada,human biblical figure
Jehonadab,human biblical figure
Jehoram,human biblical figure
Jehoshaphat,human biblical figure
Jehoshaphat,human biblical figure
Jehoshaphat,human biblical figure
Jehosheba,human biblical figure
Jehozabad,human biblical figure
Jehozadak,human biblical figure
Jehu,human biblical figure
Jehu,human biblical figure
Jehudi,human biblical figure
Jekamiah,human biblical figure
Jekamiah,human biblical figure
Jemima,human biblical figure
Jemuel,human biblical figure
Jeneum,Book of Mormon character
Jennifer Hoodwink,merfolk in a work of fiction
Jephthah,human biblical figure
Jephunneh,human biblical figure
Jephunneh,human biblical figure
Jerahmeel,angel in Judaism
Jerahmeel,angels in Christianity
Jerahmeel,human biblical figure
Jeremiah,human biblical figure
Jeremiah,Book of Mormon character
Jeremiah of Libnah,human biblical figure
Jerimoth,biblical character
Jeroboam I,human biblical figure
Jeroham,human biblical figure
Jerusha,human biblical figure
Jesaiah,human biblical figure
Jesse,human biblical figure
Jesus Christ,human biblical figure
Jesus in Islam,rasul
Jesus in Islam,Quranic character
Jesus in Islam,Ulu'l-azm
Jesus in Islam,Mukarrabun
Jesus in Mandaeism,legendary figure
Jesus Justus,human biblical figure
Jether,human biblical figure
Jether,human biblical figure
Jethro,human biblical figure
Jetur,human biblical figure
Jeush,human biblical figure
Jeush,human biblical figure
Jewish pope Andreas,legendary figure
Jezebel,human biblical figure
Jeziel son of Azmaveth,human biblical figure
Jezreel,human biblical figure
Jia Qi,legendary figure
Jibril,archangel
Jidlaph,human biblical figure
Jimmu,legendary hero
Jimnah,human biblical figure
Jina,religious character
Jing Huan Fairy,immortal
Jiqu,mythological king
Jiu Daiji,legendary figure
Joab,human biblical figure
Joachim,human biblical figure
Joah,human biblical figure
Joahe son of Asaph,human biblical figure
Joanan,human biblical figure
"Joanna, wife of Chuza",human biblical figure
Joaquin Murrieta,legendary figure
Joash,human biblical figure
Job,human biblical figure
Job's wife,human biblical figure
Jobab,human biblical figure
Jochebed,human biblical figure
Joel,human biblical figure
Joel,human biblical figure
Jogli,human biblical figure
Johanan,human biblical figure
Johanan,human biblical figure
Johanan,human biblical figure
John the Apostle,human biblical figure
John the Baptist,human biblical figure
John the Evangelist,human biblical figure
Jokshan,human biblical figure
Joktan,human biblical figure
Jonadab,human biblical figure
Jonah,human biblical figure
Jonam,human biblical figure
Jonathan,human biblical figure
Jonathan,human biblical figure
Jonathan,human biblical figure
Jonathan,human biblical figure
Jophiel,angel in Judaism
Jophiel,angels in Christianity
Joram,human biblical figure
Jorim,human biblical figure
Jorund,mythological king
Jose,human biblical figure
Josech,human biblical figure
Joseph,human biblical figure
Joseph,human biblical figure
Joseph,human biblical figure
Joseph,human biblical figure
Joseph,Book of Mormon character
Joseph Barsabbas,human biblical figure
Joseph of Arimathea,human biblical figure
Joses,human biblical figure
Josh,Book of Mormon character
Joshua,human biblical figure
Joshua,human biblical figure
Joshua in Islam,prophet of Islam
Joshua of Beth-Shemesh,human biblical figure
Josiah,human biblical figure
Jotham,human biblical figure
Jotham,human biblical figure
Jozacar,human biblical figure
Juan Martínez de Marcilla,legendary figure
Jubal,human biblical figure
Judah,human biblical figure
Judah,human biblical figure
Judah,human biblical figure
Judas Barsabbas,human biblical figure
Judas Iscariot,Quranic character
Judas Iscariot,human biblical figure
Jude,human biblical figure
Jude the Apostle,human biblical figure
Judith,human biblical figure
Jueces de Castilla,legendary figure
Julian of Saint Gilles,legendary figure
Julian the Hospitaller,legendary figure
Julius,human biblical figure
Junia,human biblical figure
Jurōjin,immortal
Jushab-Hesed,human biblical figure
Jyotsyana,character in the Mahabharata
Kīcaka,character in the Mahabharata
Köroğlu,legendary hero
Kṛśā Gautamī,legendary human figure
Kṛpa,character in the Mahabharata
Kabila,Nkisi
Kacha,character in the Mahabharata
Kaikeyi,Characters in the Ramayana
Kairen,merfolk in a work of fiction
Kaisuki,legendary figure
Kakbhushundi,Characters in the Ramayana
Kakudmi,character in the Mahabharata
Kalkol,human biblical figure
Kamatha,character in the Mahabharata
Kamo no Kimi,legendary human figure
Kanachihime no Mikoto,legendary human figure
Kanakamuni Buddha,Buddha
Kanakayu,character in the Mahabharata
Kanʿān,biblical character
Kannagi,legendary figure
Karṇa,mythological king
Karṇa,legendary figure
Kōrei,legendary human figure
Karmi,human biblical figure
Karthon the Quester,Homo mermanus
Karu Sakaibê,God
Karyağdı Hatun,legendary figure
Kasbeel,angels in Christianity
Kashyapa,Rishi
Kassapa Buddha,Buddha
Katendê,Nkisi
Kaundinya Buddha,Buddha
Kaveh the Blacksmith,legendary figure
Kawamata-hime,legendary human figure
Kay Bahman,legendary figure
Kay Kāvus,mythological king
Kay Lohrasp,legendary figure
Kedemah,human biblical figure
Keikō,legendary human figure
Kemuel,human biblical figure
Kemuel,human biblical figure
Kenan,human biblical figure
Kenaz,human biblical figure
Kenaz,human biblical figure
Keredic,legendary figure
Keren-happuch,human biblical figure
Kerubiel,angels in Christianity
Kettil Runske,legendary figure
Keturah,human biblical figure
Keyumars,protoplast
Keyumars,legendary figure
Keziah,human biblical figure
Khidr,Quranic character
Khun-Kwot-pha,legendary figure
Kianda,Nkisi
Kibitsuhiko-no-mikoto,legendary human figure
Kimarcus,legendary figure
Kimham,human biblical figure
Kindama,character in the Mahabharata
King Arthur,legendary human figure
King Arthur's messianic return,eschatological figure
King Ban,legendary figure
King Benjamin,Book of Mormon ruler
King Evax,legendary figure
King Geirröð,mythological king
King Gurgunt,mythological king
King Matjaž,legendary figure
King Mosiah I,Book of Mormon ruler
King Mosiah II,Book of Mormon ruler
King Neptune,merfolk in a work of fiction
King Neptune's mother,merfolk in a work of fiction
King Noah,Book of Mormon ruler
King of Athens,mythological king
King Sangaldip,legendary figure
King Triton,merfolk in a work of fiction
Kiraman Katibin,recording angel
Kish,human biblical figure
Kish,human biblical figure
Kitamba,mythological king
Kittim,human biblical figure
Knight of the Swan,legendary figure
Ko-Kwal-Alwoot,legendary figure
Kohath,human biblical figure
Kokabiel,angels in Christianity
Kokabiel,fallen angel
Kokoro,merfolk in a work of fiction
Kolaiah,human biblical figure
Konstantinos Koukidis,legendary figure
Korah,human biblical figure
Korah,human biblical figure
Korun Aramija,legendary figure
Krakucchanda Buddha,Buddha
Krakus,legendary figure
Krang,Homo mermanus
Krathana,character in the Mahabharata
Kratu,Rishi
Kripi,legendary figure
Krishna,legendary figure
Krishna,character in the Mahabharata
Krishna in the Mahabharata,character in the Mahabharata
Kritavarma,character in the Mahabharata
Krok,legendary figure
Kubera,Characters in the Ramayana
Kudeyar,legendary figure
Kui,legendary figure
Kume no sennin,immortal
Kumen (Latter Day Saints movement),Book of Mormon character
Kumenihah,Book of Mormon character
Kunlian,mythological king
Kunthunātha,God
Kunthunātha,Tirthankara
Kunti-Bhoja,character in the Mahabharata
Kusha,legendary figure
Kushadhwaja,Characters in the Ramayana
Kushaiah,human biblical figure
Kushiel,angels in Christianity
Kushiukameshi no Mikoto,legendary human figure
Kwisatz Haderach,eschatological figure
Kwoth,God
Kyi,legendary figure
Lí Ban,mermaid
Laín Calvo,legendary figure
Laban,human biblical figure
Laban,Book of Mormon character
Lady Carcas,legendary figure
Lael,human biblical figure
Líf,eschatological figure
Lífþrasir,eschatological figure
Lagoon Boy,Atlanteans
Lailah,angel in Judaism
Laish,human biblical figure
Lakshmana,Ashtabharya
Lakshmana,Characters in the Ramayana
Lakshmanaa,legendary figure
Lamah,Book of Mormon character
Laman,Book of Mormon character
Lamech,human biblical figure
Lamech,human biblical figure
Lamorak,legendary human figure
Lancelot,legendary figure
Lapidoth,human biblical figure
Last Roman Emperor,eschatological figure
Laura,merfolk in a work of fiction
Lawdasura,Characters in the Ramayana
Lazarus of Bethany,human biblical figure
Lazarus the Beggar,human biblical figure
Leah,human biblical figure
Lebaidah,human biblical figure
Lech,legendary figure
Lech II,legendary figure
Legend of Puteri Gunung Ledang,legendary figure
Legion,biblical character
Lehi,Book of Mormon character
"Lehi, son of Helaman",Book of Mormon character
Lei Feng,legendary figure
Leigong,legendary figure
Leir of Britain,mythological king
Leizu,legendary figure
Lemuel,biblical character
Lemuel,Book of Mormon character
Leodegrance,legendary figure
Letushim,human biblical figure
Levi,human biblical figure
Levi,human biblical figure
Levi,human biblical figure
Leviathan,biblical character
Li Babai,legendary figure
Li Shou,legendary figure
Liantong,mythological king
Libni,human biblical figure
Libuše,legendary figure
Licinio,legendary figure
Liederik,legendary human figure
Lilu,mythological king
Limhah,Book of Mormon character
Limhi,Nephites
Limhi,Book of Mormon ruler
Ling Lun,legendary figure
Lingbao Dafashi,immortal
Linus,biblical character
Little Mermaid,merfolk in a work of fiction
Little Mermaid,merfolk
Lizdeika,legendary figure
Llao,God
Llefelys,legendary figure
Lludd Llaw Eraint,mythological king
Lo-Ammi,human biblical figure
Lo-Ruhama,human biblical figure
Locana Buddha,Buddha
Loch Ness Monster,legendary figure
Locrinus,legendary figure
Lois,human biblical figure
Lokesvararaja,Buddha
Loki,eschatological figure
Lori Lemaris,merfolk in a work of fiction
Lorrcioðgarr Vidisfansson,legendary human figure
Lot,human biblical figure
Lot in Islam,prophet of Islam
Lot in Islam,Quranic character
Lot's older daughter,human biblical figure
Lot's wife,character from the Quran and the Bible
Lot's younger daughter,human biblical figure
Lotan,human biblical figure
Lucia Nanami,merfolk in a work of fiction
Lucifer,angel in Judaism
Lucifer,angels in Christianity
Lucifer,archangel
Lucifer,fallen angel
Lucifer Morningstar,fallen angel
Lucius (epistle to the Romans),human biblical figure
Lucius Tarquinius Priscus,legendary figure
Lud,human biblical figure
Lugaid mac Con Roí,legendary figure
Lulis,merfolk in a work of fiction
Lumir,legendary figure
Lydia of Thyatira,human biblical figure
Lydus,legendary progenitor
Mánagarmr,eschatological figure
Maṅgala Buddha,Buddha
Māṇḍakarṇi,Characters in the Ramayana
Maacah,human biblical figure
Maacah,human biblical figure
Maacah,human biblical figure
Maacah,human biblical figure
Maacah,human biblical figure
Maaseiah,human biblical figure
Maaseiah,human biblical figure
Maaseiah,human biblical figure
Maath,human biblical figure
Maaz,human biblical figure
Macchanu,Characters in the Ramayana
Machi,human biblical figure
Machir,human biblical figure
Machul (son of Elam),human biblical figure
Mad Gasser of Mattoon,legendary figure
Madai,human biblical figure
Madoc ap Uthyr,legendary figure
Mādrī,character in the Mahabharata
Mafate,legendary figure
Magdalena the Mermaid,merfolk in a work of fiction
Magog,human biblical figure
Mahabahu,character in the Mahabharata
Mahacitra,character in the Mahabharata
Mahah,Book of Mormon character
Mahalalel,human biblical figure
Mahalath,human biblical figure
Mahalath,human biblical figure
Maharai,human biblical figure
Mahath,human biblical figure
Mahavira,Tirthankara
Mahdi,messiah
Mahdi,eschatological figure
Maher-shalal-hash-baz,human biblical figure
Mahlah,human biblical figure
Mahli,human biblical figure
Mahlon,human biblical figure
Mahol,human biblical figure
Mahucatah,protoplast
Mai An Tiêm,legendary figure
Maitreya,Buddha
Makardhwaja,Characters in the Ramayana
Maki-hime-no-Mikoto,legendary human figure
Makir,human biblical figure
Malassar,human biblical figure
Malchiah,human biblical figure
Malchiel,human biblical figure
Malchijah,human biblical figure
Malchishua,human biblical figure
Male Figure (Nkisi Nkondi),Nkisi
Maleagant,legendary figure
Malgven,legendary figure
Malkiram,human biblical figure
Mallinātha,God
Mallinātha,Tirthankara
Mamre,human biblical figure
Manahath,human biblical figure
Manaia,legendary figure
Manasseh,human biblical figure
Manasseh,human biblical figure
Manasseh,human biblical figure
Manboshi,merfolk in a work of fiction
Maneros,legendary figure
Manibhadra,Characters in the Ramayana
Maniilaq,legendary figure
Manoah,human biblical figure
Mantharā,Characters in the Ramayana
Manuchehr,legendary figure
Maoch,human biblical figure
Maon,human biblical figure
Múnia de Barcelona,legendary figure
Marchosias,fallen angel
Marcolf,legendary figure
Mareri,legendary figure
Marganus,legendary figure
Marganus II,legendary king of Britain
Maria Napole,merfolk in a work of fiction
Maria Varona,legendary figure
Marichi,Rishi
Marie,merfolk in a work of fiction
Mark (1 Peter 5),human biblical figure
Mark of Cornwall,mythological king
Mark the cousin of Barnabas,human biblical figure
Marsena,human biblical figure
Martha,human biblical figure
Martina of Rome,legendary saint
Marudevi,God
Mary,human biblical figure
Mary Jacobi,human biblical figure
Mary Magdalene,human biblical figure
Mary of Bethany,human biblical figure
Mary of Clopas,human biblical figure
Mary of Rome,human biblical figure
Marya Morevna,polenitsa
Masek,human biblical figure
Mash,human biblical figure
Mashya and Mashyana,protoplast
Masih ad-Dajjal,Quranic character
Masih ad-Dajjal,eschatological figure
Massa,human biblical figure
Master Lampe,legendary figure
Matamba,Nkisi
Matred,human biblical figure
Matri,human biblical figure
Mattan,human biblical figure
Mattan,human biblical figure
Mattatha,human biblical figure
Mattathias,human biblical figure
Mattathias,human biblical figure
Matthan,human biblical figure
Matthat,human biblical figure
Matthat,human biblical figure
Matthew the Apostle,human biblical figure
Matthias the Apostle,human biblical figure
Matti Kurki,legendary human figure
Maung Pauk Kyaing,legendary human figure
Maximinus of Aix,legendary figure
Maya Sita,Characters in the Ramayana
Mbombo,God
Me-zahab,human biblical figure
Mebunnai the Hushathite,human biblical figure
Medad,human biblical figure
Medb,legendary figure
Medhaṅkara,Buddha
Medullina,legendary figure
Mehetabel,human biblical figure
Mehujael,human biblical figure
Mehuman,human biblical figure
Meirchion,mythological king
Melchi,human biblical figure
Melchi,human biblical figure
Melchior,human biblical figure
Melchizedek,human biblical figure
Melea,human biblical figure
Meliodas,legendary figure
Melzar,human biblical figure
Memucan,human biblical figure
Menahem,human biblical figure
Menes,legendary progenitor
Menna,human biblical figure
Mephibosheth,human biblical figure
Mera,Atlanteans
Mera,Atlanteans
Merab,human biblical figure
Merari,human biblical figure
Mered,human biblical figure
Meres,human biblical figure
Merlin,legendary figure
Mermaid Thetis,merfolk in a work of fiction
Mero,merfolk in a work of fiction
Mero,merfolk in a work of fiction
Merushah,human biblical figure
Mesha,human biblical figure
Meshach,human biblical figure
Meshech,human biblical figure
Meshullam,human biblical figure
Meshullam,human biblical figure
Meshullemeth,human biblical figure
Metatron,angels in Christianity
Metatron,archangel
Metatron,Angel of the Presence
Methusael,human biblical figure
Methuselah,human biblical figure
Mibsam,human biblical figure
Micah,human biblical figure
Micah,human biblical figure
Micaiah,human biblical figure
Michael,angel in Judaism
Michael,angels in Christianity
Michael,archangel
Michael,human biblical figure
Michael,human biblical figure
Michael,human biblical figure
Michael,Mukarrabun
Michal,human biblical figure
Midian,human biblical figure
Midwife Salome,human biblical figure
Mihailo Kazaryanin,bogatyr
Mihaylo Potyk,bogatyr
Mikula Selyaninovich,bogatyr
Milcah,human biblical figure
Milcah,human biblical figure
Millus,legendary figure
Miloš Obilić,legendary figure
Minean,human biblical figure
Minister of the Left,merfolk in a work of fiction
Minister of the Right,merfolk in a work of fiction
Minos,mythological king
Miriam,human biblical figure
Mishawaka,legendary figure
Mishma,human biblical figure
Mithredath,human biblical figure
Mitravinda,Ashtabharya
Mizpar,human biblical figure
Mizraim,human biblical figure
Mizzah,human biblical figure
Moab,human biblical figure
Moadocus,legendary figure
Modron,legendary figure
Molad,human biblical figure
Molid,human biblical figure
Moll Dyer,legendary human figure
Montorius,legendary figure
Mora,merfolk in a work of fiction
Morasthi,human biblical figure
Mordecai,human biblical figure
Mordred,legendary figure
Mordred,legendary figure
Morgan le Fay,legendary figure
Morgause,legendary figure
Morien,legendary figure
Mormaer Beth,legendary figure
Mormon,Book of Mormon character
Moroni,Book of Mormon character
Moronihah,Book of Mormon character
Moronihah,Book of Mormon character
Moses,human biblical figure
Moses in Islam,prophet of Islam
mother of Zibeon,human biblical figure
Mtskhetos,legendary figure
Mualeleth,human biblical figure
Mucukunda,character in the Mahabharata
Muelona,legendary figure
Muezza,legendary figure
Mug Láma,legendary figure
Mug Nuadat,mythological king
Muhammad in Islam,prophet of Islam
Mulek,Book of Mormon character
Munisuvrata,God
Munisuvrata,Tirthankara
Mupe,protoplast
Muppim,human biblical figure
Muriel,angels in Christianity
Musa Kesedžija,legendary figure
Mushi,human biblical figure
Muspell,mythological king
Nór,legendary figure
Naamah,fallen angel
Naamah,human biblical figure
Naamah,human biblical figure
Naaman,biblical character
Naaman,human biblical figure
Naaman,human biblical figure
Nabal,human biblical figure
Nabhaga,legendary figure
Nabhi,God
Naboth,human biblical figure
Nabusachar,human biblical figure
Nadab,human biblical figure
Nadab,human biblical figure
Nagamizo no Mikoto,legendary human figure
Naggai,human biblical figure
Nagnajiti,Ashtabharya
Naharai,human biblical figure
Nahash,human biblical figure
Nahath,human biblical figure
Nahbi,human biblical figure
Nahor,human biblical figure
Nahor,human biblical figure
Nahshon,human biblical figure
Nahuṣa,character in the Mahabharata
Nahum,human biblical figure
Nahum,human biblical figure
Nahusa,legendary figure
Naked fugitive,human biblical figure
Nakon,human biblical figure
Nalakuvara,Characters in the Ramayana
Naminātha,God
Naminātha,Tirthankara
Nan Wade,legendary figure
Nano Begal,legendary human figure
Naomi,human biblical figure
Naphish,human biblical figure
Naphtali,human biblical figure
Narcissus,biblical character
Narishyanta,mythological king
Nasreddin,legendary hero
Nastasya Korolevichna,polenitsa
Nastasya Mikulishna,polenitsa
Nathan,human biblical figure
Nathan,human biblical figure
Nathanael,human biblical figure
Navasard,legendary figure
Neariah,human biblical figure
Nebaioth,human biblical figure
Nebat,human biblical figure
Nebuzaradan,human biblical figure
Neco,human biblical figure
Nedabiah,human biblical figure
Nehemiah,human biblical figure
Nehushtan,serpent in the Bible
Neiduan,mythological king
Nelchael,fallen angel
Nemausus,God
Neminātha,God
Nemuel,biblical character
Nepheg,human biblical figure
Nepheg,human biblical figure
Nephi,Book of Mormon character
Nephi the Disciple,Book of Mormon character
"Nephi, son of Helaman",Book of Mormon character
Neptune,merfolk in a work of fiction
Ner,human biblical figure
Nereus,biblical character
Nereus,Atlanteans
Neri,human biblical figure
Neriah,human biblical figure
Nestingum,legendary figure
Nethaneel,human biblical figure
Nethanel,human biblical figure
Nethaniah,human biblical figure
Nethaniah,human biblical figure
Ngātoro-i-rangi,legendary figure
Niß Puk,legendary figure
Niðhad,mythological king
Nicodemus,human biblical figure
Nigist Fura,legendary human figure
Nikita the Tanner,bogatyr
Nimrod,human biblical figure
Nimshi,human biblical figure
Nimue,legendary figure
Nine Barons of Fame,legendary figure
Ning Feng,legendary figure
Ninmon,legendary figure
Nirjara,character in the Mahabharata
Nisroch,fallen angel
nkisi nkondi-71.1892.70.4,Nkisi
Noa,human biblical figure
Noadiah,human biblical figure
Noah,human biblical figure
Noah in Islam,prophet of Islam
Noah's wife,human biblical figure
Noam,human biblical figure
Nobah,human biblical figure
Nuada Airgetlám,mythological king
Nuidis Vulko,Atlanteans
Numa Pompilius,legendary figure
Numitor,mythological king
Nun,biblical character
Nun,human biblical figure
Nunasoko Nakatsu-hime,legendary human figure
Nunong Karugtong,legendary figure
Nuriel,angel in Judaism
Nyambe,God
Nzambi a Mpungu,God
Nzame,God
Obadiah,human biblical figure
Obadiah,human biblical figure
Obadiah,human biblical figure
Obal,human biblical figure
Obed,human biblical figure
Obed,human biblical figure
Ocean Master,Atlanteans
Ochran,human biblical figure
Oded,human biblical figure
Oded,human biblical figure
Odede,biblical character
Oenus,legendary king of Britain
Offa of Angel,mythological king
Og,human biblical figure
Oghene,God
Oghuz Khagan,legendary figure
Ogier the Dane,legendary figure
Ohad,human biblical figure
Ohel,human biblical figure
Ohol,God
Oholah,human biblical figure
Oholiab,human biblical figure
Oholibah,human biblical figure
Oketsu-hime no mikoto,legendary human figure
Okimi no Mikoto,legendary human figure
Okitsu Yoso,legendary human figure
Okwa,legendary figure
Olof (I) of Sweden,mythological king
Olof Björnsson,mythological king
Omar,human biblical figure
Ominakuchi-hime,legendary human figure
Omner,Book of Mormon character
Omni,Book of Mormon character
On,human biblical figure
Onam,human biblical figure
Onam,human biblical figure
Onan,human biblical figure
One no Mikoto,legendary human figure
Onnes,legendary figure
Onuphrius,legendary figure
Oomizuguchi no Sukune,legendary human figure
Ophir,human biblical figure
"Ora, daughter of Ur",human biblical figure
Oreb,biblical character
Oren,human biblical figure
Orpah,human biblical figure
Orpheus and Eurydice,legendary figure
Osarseph,legendary figure
Otger Cataló,legendary figure
Othniel,human biblical figure
Oto-hime,legendary figure
Otohime,merfolk in a work of fiction
Otoshiki,legendary human figure
Ouza,angel in Judaism
ox and donkey,biblical animal
Oyakuchi no Sukune no Mikoto,legendary human figure
Ozem,human biblical figure
Ozem,human biblical figure
Pèdauca,mythological king
Paanchi,Book of Mormon character
Paarai,human biblical figure
Paarai the Arbite,human biblical figure
Padma Buddha,Buddha
Padmaprabha,God
Padmaprabha,Tirthankara
Přemysl the Ploughman,legendary figure
Pagiel,human biblical figure
Pahaliah,angels in Christianity
Pahath-Moab,human biblical figure
Paila,Rishi
Palti,human biblical figure
Palti (tribe of Benjamin),human biblical figure
Paltiel,human biblical figure
Pan Twardowski,legendary figure
Pandora,protoplast
Paphnutius the Ascetic,legendary figure
paralytic,human biblical figure
Paralytic at Bethesda,human biblical figure
Parmenas,human biblical figure
Parnach,human biblical figure
Parosh,human biblical figure
Parshvanatha,God
Parshvanatha,Tirthankara
Pashur (son of Immer),human biblical figure
Pathrusim,human biblical figure
Patience Worth,legendary figure
Pōtiki-tiketike,legendary figure
Patxi Errementaria,legendary figure
Pedahzur,human biblical figure
Pedaiah,human biblical figure
Pedaiah,human biblical figure
Peeping Tom of Coventry,legendary figure
Pelaiah,human biblical figure
Pelatiah,human biblical figure
Pelatiah,human biblical figure
Peleg,human biblical figure
Peleth,human biblical figure
Pellas,legendary figure
Pellinore,legendary figure
Penemue,fallen angel
Peng Zu,legendary figure
Peninnah,human biblical figure
Penninah,biblical character
Percival,legendary figure
Perez,human biblical figure
Perpetua,legendary figure
Persis,biblical character
person from Porlock,legendary figure
Perumthachan,legendary figure
Peter Gynt,legendary figure
Pethuel,human biblical figure
Phallu,human biblical figure
Phanuel,angels in Christianity
Phanuel,human biblical figure
Pharamond,mythological king
Pharaoh,religious character
Pharaoh in the Quran,legendary figure
Pharaoh in the Quran,Quranic character
Pharaoh's daughter (wife of Solomon),human biblical figure
Pharaohs in the Bible,human biblical figure
Phegeus,legendary figure
Phenex,fallen angel
Phicol,human biblical figure
Philip the Apostle,human biblical figure
Philogenes,legendary figure
Phinehas,human biblical figure
Phinehas,human biblical figure
Phoebe,human biblical figure
Phussa Buddha,Buddha
Phut,human biblical figure
Phygelus,biblical character
Pied Piper of Hamelin,legendary figure
Piers Shonks,legendary figure
Pildash,human biblical figure
Piram,human biblical figure
Plautilla,legendary figure
Poiyaunpe,legendary figure
Polkan,bogatyr
Pope Joan,legendary figure
Porrex II,legendary figure
Potiphar,Quranic character
Potiphar,human biblical figure
Potipherah,human biblical figure
Prabhata,character in the Mahabharata
Prabhutaratna,Buddha
Prabukusuma,character in the Mahabharata
Pradyumna,character in the Mahabharata
Prajvalosnisa,Buddhoṣṇīṣa
Pramathi,character in the Mahabharata
Prapaksha Kamboja,character in the Mahabharata
Pravuil,angel in Judaism
Prillar-Guri,legendary figure
Prince Ōhiko,legendary human figure
Prince Hikofutsuoshinomakoto,legendary human figure
Prince Hikosashima,legendary human figure
Prince Jin,immortal
Prince Jin,legendary hero
Prince Wakatakehiko,legendary human figure
Princess Mindy,merfolk in a work of fiction
Princess Shirataki,legendary figure
prodigal son,human biblical figure
Protective Chin-Chin (Lumeçon),legendary figure
Puṣpadanta,God
Puṣpadanta,Tirthankara
Puah,human biblical figure
Puah,human biblical figure
Puah,human biblical figure
Pumphut,legendary figure
Purah,biblical character
Puriel,angel in Judaism
Purochana,character in the Mahabharata
Pushkala,Characters in the Ramayana
Putiel,human biblical figure
Pygarg,biblical animal
Pyrhus,human biblical figure
Pyrrha,legendary progenitor
Pyrrhus the shepherd,legendary figure
Qedar (person),human biblical figure
Qibo,legendary figure
Qin Gao,immortal
Qingxu Daode Zhenjun,immortal
Qitong,mythological king
Qobylandy Toqtarbaiuly,legendary hero
Qohelet,human biblical figure
Queen Clea,Atlanteans
Queen Gwendolen,legendary figure
Queen of Psalm 45,biblical character
Queen of Sheba,human biblical figure
Rüdiger von Bechelaren,legendary figure
Raamah,human biblical figure
Rabshakeh,human biblical figure
Rachel,human biblical figure
Raddai,human biblical figure
Ragnar Lodbrok,mythological king
Raguel,human biblical figure
Rahab,human biblical figure
Ram,human biblical figure
Ram,human biblical figure
Ram,human biblical figure
Rama,legendary figure
Rama,Characters in the Ramayana
Ramón de Foces,legendary figure
Ramathite,human biblical figure
Ramiel,angels in Christianity
Ramiel,fallen angel
Ranakadevi,legendary figure
Randver,mythological king
Rapha,human biblical figure
Raphael,angel in Judaism
Raphael,angels in Christianity
Raphael,archangel
Raphu,human biblical figure
Rarimi de Càller,legendary figure
Rata,legendary figure
Ratnaśikhin,Buddha
Ratnasambhava,Buddha
raven released by Noah,biblical animal
Ravgga,God
Raziel,angel in Judaism
Raziel,angels in Christianity
Raziel,archangel
Razis,human biblical figure
Reba,human biblical figure
Rebecca,human biblical figure
Rechab,human biblical figure
Rechavia,human biblical figure
Redon of Britain,legendary figure
Refil Björnsson,mythological king
Regan,legendary figure
Regem-Melech,human biblical figure
Rehob,human biblical figure
Rehoboam,human biblical figure
Rei,human biblical figure
Rekab,human biblical figure
Rekem,human biblical figure
Remaliah,human biblical figure
Remus,legendary human figure
Renaud de Montauban,legendary figure
Rephaiah,human biblical figure
Reu,human biblical figure
Reuben,human biblical figure
Reuel,human biblical figure
Reumah,biblical character
Revatī,character in the Mahabharata
Rezin,human biblical figure
Rezon the Syrian,human biblical figure
Rhea Silvia,legendary human figure
Rhesa,human biblical figure
Rhoda,human biblical figure
Ribai,human biblical figure
Richard at the Lee,legendary figure
Rience,legendary figure
Riganus,mythological king
Rikiwulf,legendary figure
Rikki Chadwick,merfolk in a work of fiction
Rikuo,merfolk in a work of fiction
Riphath,human biblical figure
Rishyasringa,character in the Mahabharata
Ritzard,legendary figure
Rivallo,legendary figure
Rizia,human biblical figure
Rizpah,human biblical figure
Robert the Devil,legendary figure
Robin Hood,legendary hero
Rohar Rohdoi,legendary figure
Rohgah,human biblical figure
Rohini,Ashtabharya
Romamti-ezer,human biblical figure
Romania,mermaid
Romulus,legendary human figure
Romulus Silvius,mythological king
Rong Cheng,legendary figure
Rong Qiqi,legendary figure
Rong Yuan,legendary figure
Rosh,human biblical figure
Rosier,fallen angel
Roua,God
Rudiobus,God
Rufus,human biblical figure
Rufus of Thebes,human biblical figure
Rukmiṇī,character in the Mahabharata
Rulai Buddha,Buddha
Ruma,legendary figure
Rummu Jüri,legendary hero
Ruth,human biblical figure
Ryōmen Sukuna,legendary figure
Ryuboshi,merfolk in a work of fiction
Sölve,mythological king
Sabatha,human biblical figure
Sabtah,human biblical figure
Sabtechah,human biblical figure
Sacamantecas,legendary figure
Sachar,human biblical figure
Sachia,human biblical figure
Sachiel,angel in Judaism
Sachiel,angels in Christianity
Sadko,legendary figure
Sagramore,legendary figure
Sahadeva,character in the Mahabharata
Sahmi,legendary figure
Saint Alban of Hungary,legendary figure
Saint Anastasius,legendary figure
Saint George,legendary saint
Saint Guinefort,legendary figure
Saint James the Moor-slayer,legendary figure
Saint Michael,angels in Christianity
Saint Nicholas,legendary figure
Saint Peter's mother-in-law,human biblical figure
Saint Terence,human biblical figure
Sakado no Yuratsuhime no Mikoto,legendary human figure
Sakanoue no Tamuramaru,legendary human figure
Salaün ar Foll,legendary figure
Salah,prophet of Islam
Salah,human biblical figure
Salamiel,human biblical figure
Salih,prophet of Islam
Sallai,human biblical figure
Sallu,human biblical figure
Sallu,human biblical figure
Salma,human biblical figure
Salmon,human biblical figure
Salome,human biblical figure
Salome,human biblical figure
Saltus,human biblical figure
Salu,human biblical figure
Sam,Book of Mormon character
Samael,angel in Judaism
Samael,archangel
Samagoth,human biblical figure
Samantabhadrarāja,Buddha
Samaritan woman at the well,human biblical figure
Samba,character in the Mahabharata
Sambhavanātha,God
Sambhavanātha,Tirthankara
Samgar-Nebo,human biblical figure
Samiri,Quranic character
Samsaptakas,character in the Mahabharata
Samson,human biblical figure
Samuel,human biblical figure
Samuel in Islam,prophet of Islam
Samuel the Lamanite,Book of Mormon character
Samyaza,angels in Christianity
Samyaza,fallen angel
Sanatkumara,Rishi
Sandalphon,angels in Christianity
Sandalphon,archangel
Sandalphon,Angel of the Presence
Santa Claus,legendary saint
Santa Muerte,angels in Christianity
Saph,biblical character
Sapphira,human biblical figure
Sara,human biblical figure
Sara,merfolk in a work of fiction
Saraṇaṅkara Buddha,Buddha
Sarah,human biblical figure
Saraph,human biblical figure
Sarezer,human biblical figure
Sariah,Book of Mormon character
Sariel,angels in Christianity
Sariel,archangel
Sariel,Angel of the Presence
Sarsechim,human biblical figure
Saruia,human biblical figure
Satan,fallen angel
Sathariel,fallen angel
Satrajit,legendary figure
Satyabhāmā,Ashtabharya
Sātyaki,character in the Mahabharata
Saul,human biblical figure
Savitri,legendary figure
Savitri and Satyavan,legendary figure
Sawa,legendary figure
Sayona,legendary figure
Scáthach,legendary figure
Schetar-Bosnai,human biblical figure
Scota,legendary figure
Seba,human biblical figure
Sebile,legendary figure
Second Charlemagne,eschatological figure
Second Horseman of the Apocalypse,legendary figure
Secundus,human biblical figure
Sefer-T,God
Segub,human biblical figure
Segub,human biblical figure
Seir,human biblical figure
Seira,merfolk in a work of fiction
Seithenyn,legendary figure
Selaphiel,angel in Judaism
Selaphiel,angels in Christianity
Selaphiel,archangel
Seled,human biblical figure
Semachiah,human biblical figure
Semein,human biblical figure
Senius,legendary figure
Seorim,human biblical figure
Serah,human biblical figure
Seraiah,biblical character
Seraiah,human biblical figure
Seraiah,human biblical figure
Seraiah,human biblical figure
Seraiah,human biblical figure
Seraiah,human biblical figure
Seraiah,human biblical figure
Seraiah,human biblical figure
Seraiah,human biblical figure
Seraphiel,angels in Christianity
Sered,human biblical figure
Sergius Paulus,human biblical figure
Serpent of Eden,biblical animal
Serug,human biblical figure
Servius Tullius,mythological king
Servius Tullius,legendary figure
Seth,human biblical figure
Sethur,human biblical figure
Seven Fairies,xiannü
Severause le Brewse,legendary figure
Shaaph,human biblical figure
Shaaph,human biblical figure
Shaashgaz,human biblical figure
Shabbethai,human biblical figure
Shabbethai,human biblical figure
Shabbethai,human biblical figure
Shadrach,human biblical figure
Shaharaim,human biblical figure
Shakka,God
Shakyamuni Tathāgata,Tathāgata
Shallum,human biblical figure
Shallum,human biblical figure
Shallum,human biblical figure
Shallum,human biblical figure
Shallum,human biblical figure
Shallum,human biblical figure
Shallum,human biblical figure
Shallum,human biblical figure
Shallum,human biblical figure
Shallum,human biblical figure
Shallum,human biblical figure
Shallum,human biblical figure
Shallum,human biblical figure
Shalmai,human biblical figure
Shama,human biblical figure
Shamgar,human biblical figure
Shamhuth,human biblical figure
Shamir,human biblical figure
Shamma,human biblical figure
Shammah,biblical character
Shammah,human biblical figure
Shammai,human biblical figure
Shammai,human biblical figure
Shammai,human biblical figure
Shammua,human biblical figure
Shammua,human biblical figure
Shamsherai,human biblical figure
Shamsiel,angels in Christianity
Shamsiel,fallen angel
Shangdi,God
Shapham,human biblical figure
Shaphan,human biblical figure
Shaphan,human biblical figure
Shaphat,human biblical figure
Shaphat,human biblical figure
Shaphat,human biblical figure
Shaphat,human biblical figure
Shaphat,human biblical figure
Sharai,human biblical figure
Sharar,human biblical figure
Shōrin,legendary figure
Sharmishtha,character in the Mahabharata
Shashai,human biblical figure
Shashak,human biblical figure
Shatrughna,Characters in the Ramayana
Shaul,human biblical figure
Shaul,human biblical figure
Shaul,human biblical figure
Shchek,legendary figure
Sheal,human biblical figure
Shealtiel,human biblical figure
Sheariah,human biblical figure
Shearjashub,human biblical figure
Sheba,human biblical figure
Sheba,human biblical figure
Sheba,human biblical figure
Sheba,human biblical figure
Sheba,human biblical figure
Shebaniah,human biblical figure
Shebaniah,human biblical figure
Shebaniah,human biblical figure
Shebaniah,human biblical figure
Sheber,human biblical figure
Shebna,human biblical figure
Shebuel,human biblical figure
Shecaniah,human biblical figure
Shecaniah,human biblical figure
Shecaniah,human biblical figure
Shecaniah,human biblical figure
Shecaniah,human biblical figure
Shecaniah,human biblical figure
Shechaniah,human biblical figure
Shechem,human biblical figure
Shechem,human biblical figure
Shechem,human biblical figure
Shehariah,human biblical figure
Shelah,human biblical figure
Shelemiah,human biblical figure
Shelemiah,human biblical figure
Shelemiah,human biblical figure
Shelemiah,human biblical figure
Shelemiah,human biblical figure
Shelemiah,human biblical figure
Shelemiah,human biblical figure
Shelemiah,human biblical figure
Sheleph,human biblical figure
Shelesh,human biblical figure
Shelomi,human biblical figure
Shelomith,human biblical figure
Shelomith,human biblical figure
Shelomith,human biblical figure
Shelomith,human biblical figure
Shelomith of Dibri,human biblical figure
Shelomoth,human biblical figure
Shelomoth,human biblical figure
Shelumiel,human biblical figure
Shem,human biblical figure
Shema,human biblical figure
Shema,human biblical figure
Shema,human biblical figure
Shema,human biblical figure
Shema,human biblical figure
Shemaiah,human biblical figure
Shemaiah,human biblical figure
Shemaiah,human biblical figure
Shemaiah,human biblical figure
Shemaiah,human biblical figure
Shemaiah,human biblical figure
Shemaiah,human biblical figure
Shemaiah,human biblical figure
Shemaiah,human biblical figure
Shemaiah,human biblical figure
Shemaiah,human biblical figure
Shemaiah,human biblical figure
Shemaiah,human biblical figure
Shemaiah,human biblical figure
Shemaiah,human biblical figure
Shemaiah,human biblical figure
Shemaiah,human biblical figure
Shemaiah,human biblical figure
Shemaiah,human biblical figure
Shemaiah,human biblical figure
Shemaiah,human biblical figure
Shemaiah,human biblical figure
Shemaiah,human biblical figure
Shemaiah,human biblical figure
Shemaiah,human biblical figure
Shemaiah,human biblical figure
Shemariah,human biblical figure
Shemariah,human biblical figure
Shemariah,human biblical figure
Shemariah,human biblical figure
Shemeber,human biblical figure
Shemed,human biblical figure
Shemer,human biblical figure
Shemer,human biblical figure
Shemida,human biblical figure
Shemiramoth,human biblical figure
Shemiramoth,human biblical figure
Shemuel,human biblical figure
Shemuel,human biblical figure
Shenazar,human biblical figure
Shennong,mythological king
Shephatiah,human biblical figure
Shephatiah,human biblical figure
Shephatiah,human biblical figure
Shephatiah,human biblical figure
Shephatiah,human biblical figure
Shephatiah,human biblical figure
Shephatiah,human biblical figure
Shephatiah,human biblical figure
Shephatiah,human biblical figure
Shepho,human biblical figure
Sherah,human biblical figure
Sherebiah,human biblical figure
Sherebiah,human biblical figure
Sheresh,human biblical figure
Sheriff of Nottingham,legendary human figure
Sheshai,human biblical figure
Sheshan,human biblical figure
Sheshbazzar,human biblical figure
Shethar,human biblical figure
Sheva,human biblical figure
Sheva,human biblical figure
Shiblom,Book of Mormon character
Shiblon,Book of Mormon character
Shihuang,mythological king
Shikitsuhiko no Mikoto,legendary human figure
Shilhi,human biblical figure
Shillem,human biblical figure
Shiloh,human biblical figure
Shilshah,human biblical figure
Shimea,human biblical figure
Shimea,human biblical figure
Shimeah,human biblical figure
Shimeath,human biblical figure
Shimei,human biblical figure
Shimei,human biblical figure
Shimei,human biblical figure
Shimei,human biblical figure
Shimei,human biblical figure
Shimei,human biblical figure
Shimei,human biblical figure
Shimei,human biblical figure
Shimei,human biblical figure
Shimei,human biblical figure
Shimei,human biblical figure
Shimei,human biblical figure
Shimei,human biblical figure
Shimei,human biblical figure
Shimei,human biblical figure
Shimei,human biblical figure
Shimeon,human biblical figure
Shimon,human biblical figure
Shimrath,human biblical figure
Shimri,human biblical figure
Shimri,human biblical figure
Shimri,human biblical figure
Shimri,human biblical figure
Shimron,human biblical figure
Shimshai,human biblical figure
Shinab,human biblical figure
Shiori Oumi,merfolk in a work of fiction
Shiphi,human biblical figure
Shiphrah,human biblical figure
Shiphtan,human biblical figure
Shirahoshi,merfolk in a work of fiction
Shisha,human biblical figure
Shishak,human biblical figure
Shitalanatha,God
Shitalanatha,Tirthankara
Shitalanatha,legendary figure
Shitrai,human biblical figure
Shiva,legendary figure
Shiza,human biblical figure
Shobab,human biblical figure
Shobach,human biblical figure
Shobai,human biblical figure
Shobal,human biblical figure
Shobal,human biblical figure
Shobek,human biblical figure
Shobi,human biblical figure
Shoham,human biblical figure
Shomer,human biblical figure
Shomer,human biblical figure
Shreyamsanatha Swami,God
Shreyamsanatha Swami,Tirthankara
Shri Ram,God
Shua,human biblical figure
Shua,human biblical figure
Shual,human biblical figure
Shuhah,human biblical figure
Shulamite,biblical character
Shun,legendary figure
Shuni,human biblical figure
Shuntokumaru,legendary figure
Shuppim,human biblical figure
Shuppim,human biblical figure
Shushan,mythological king
Shushan (son of Elam),human biblical figure
Shuthelah,human biblical figure
Shuthelah,human biblical figure
Shyarly,merfolk in a work of fiction
Siaha,human biblical figure
Siam Devadhiraj,guardian angel
Siamak,legendary figure
Sibbecai the Hushathite,human biblical figure
Siculus,legendary progenitor
Siger,legendary figure
Siggeir,mythological king
Sigo,mythological king
Sigurd,legendary figure
Sigurd Hring,mythological king
Sihon,human biblical figure
Silas,character from the Quran and the Bible
Simei,biblical character
Simeon,human biblical figure
Simeon,human biblical figure
Simeon,human biblical figure
Simeon,human biblical figure
Simon,human biblical figure
Simon,human biblical figure
Simon of Cyrene,human biblical figure
Simon the Tanner,human biblical figure
Simon the Zealot,human biblical figure
"Simon, brother of Jesus",human biblical figure
"Simplicius, Constantius and Victorinus",legendary saint
Singha Sartha Aju,legendary figure
Sinterklaas,legendary saint
Sir Aldingar,legendary figure
Sir Brunor,legendary figure
Sir Kay,legendary figure
Sir Lionel,legendary figure
Sir Tibert,legendary figure
Sir Tor,legendary figure
Sisamai,human biblical figure
Sisera,human biblical figure
Sisera,human biblical figure
Sisera's mother,human biblical figure
Sisillius I,legendary figure
Sisillius II,legendary figure
Sisillius III,legendary figure
Sister of Tahpenes,human biblical figure
Sithri,human biblical figure
Skjöldr,mythological king
So,human biblical figure
Sobab,human biblical figure
Soco,human biblical figure
Sodi,human biblical figure
Solomon,human biblical figure
Solomon in Islam,prophet of Islam
Somin Shōrai,legendary figure
son of Shelomith,human biblical figure
Sonata Dusk,merfolk in a work of fiction
Sophereth,human biblical figure
Sora,merfolk in a work of fiction
Sotai,human biblical figure
Sousei,biblical character
Spätlesereiter,legendary figure
Spinule,legendary figure
Sriman,legendary figure
St Erat,legendary figure
St. James the Elder,human biblical figure
Stachys,human biblical figure
Starzech,legendary figure
Stavr Godinovich,bogatyr
Stavr Godinovich,legendary figure
Stephanas,human biblical figure
Suah,human biblical figure
Subahu,Characters in the Ramayana
Subhuti,immortal
Sudabeh,legendary figure
Sudakshina,character in the Mahabharata
Sudatra,Kaurava
Sudeshna,character in the Mahabharata
Sudeshnavati,character in the Mahabharata
Sue,human biblical figure
Sugrīva,legendary figure
Sugrama,character in the Mahabharata
Suhasta,character in the Mahabharata
Suhuang,mythological king
Suinin,legendary human figure
Suiren,mythological king
Sujāta Buddha,Buddha
Sujin,legendary human figure
Sukhman Odikhmantyevich,bogatyr
Sumaer,human biblical figure
Sumatinātha,God
Sumatinātha,Tirthankara
Sun goddess of Arinna,God
Sunita,legendary figure
Supārśvanātha,God
Supārśvanātha,Tirthankara
Surasakti,character in the Mahabharata
Suro of Geumgwan Gaya,legendary figure
Surpanakha,Characters in the Ramayana
Susanna,human biblical figure
Susanna,human biblical figure
Susi,human biblical figure
Suvannamaccha,mermaid
Svafrlami,mythological king
Sveigðir,mythological king
Svetaketu,character in the Mahabharata
Svyatogor,bogatyr
Svyatogor,legendary figure
Swaminarayan,God
Swewlad I,legendary figure
Syntyche,human biblical figure
Syrena,merfolk in a work of fiction
Syrenka Warszawska,merfolk
Syrophoenician woman,human biblical figure
Tál Cas,legendary figure
Tabbaoth,human biblical figure
Tabeel,human biblical figure
tachash,biblical animal
Tahan,human biblical figure
Tahan,human biblical figure
Tahash,human biblical figure
Tahath,human biblical figure
Tahath,human biblical figure
Tahath,human biblical figure
Tahpenes,human biblical figure
Tai,mythological king
Taibai Jinxing,immortal
Takamaru,legendary human figure
Takenuka Aka no Mikoto,legendary human figure
Takenunakawawake,legendary human figure
Takeru no Tsutsukusa no Mikoto,legendary human figure
Takiyasha-hime,legendary figure
Taksha,Characters in the Ramayana
Taliesin Ben Beirdd,legendary figure
Talmai,human biblical figure
Talmai,human biblical figure
Talmon,human biblical figure
Talut,Quranic character
Tamar,human biblical figure
Tamar,human biblical figure
Tamar,human biblical figure
Tamatehime no Mikoto,legendary human figure
Tamatorihime,legendary figure
Tamiel,angels in Christianity
Tamiel,fallen angel
Tanba no Kawakami no Masurōjo,legendary human figure
Tanba no Michinushi,legendary human figure
Tanhumeth,human biblical figure
Tannhäuser,legendary figure
Tannin,biblical animal
Tano,God
Tappuah,human biblical figure
Tārā,legendary figure
Tarchetius,mythological king
Tarea,human biblical figure
Tarpeia,legendary figure
Tarshish,human biblical figure
Tarshish,human biblical figure
Tarshish,human biblical figure
Tartaruchi,angels in Christianity
Tatewari,God
Tattenai,human biblical figure
Teancum,Book of Mormon character
Tebah,human biblical figure
Tebaliah,human biblical figure
Tegid Foel,legendary figure
Tehinnah,human biblical figure
Tekoa,human biblical figure
Tekona,legendary figure
Telah,human biblical figure
Telem,human biblical figure
Tema,human biblical figure
Temah,human biblical figure
Teman,human biblical figure
Temeluchus,angels in Christianity
Temeni,human biblical figure
Teodosio de Goñi,legendary figure
Teojusin,God
Terah,human biblical figure
Teresh,human biblical figure
Tertullus,human biblical figure
tetramorph,biblical character
Thakorr,Homo mermanus
The Beast,eschatological figure
The Dragon,legendary figure
the elect lady (2 John 1:1),biblical character
The Gesture of Rufina Alfaro,legendary figure
The Messiah's Donkey,biblical animal
The shepherd of Mousny,legendary figure
The silbon,legendary figure
The Smith of Kochel,legendary hero
The Witch from Hex River,legendary figure
Theodore the Varangian,legendary figure
Theophilus,human biblical figure
Third Horseman of the Apocalypse,legendary figure
Third Messenger,legendary figure
Thomas the Apostle,human biblical figure
Three Sovereigns and Five Emperors,mythological king
Ti-Jean,legendary figure
Tidal,human biblical figure
Tikvah,human biblical figure
Tikvah,human biblical figure
Tilon,human biblical figure
Tilottama,character in the Mahabharata
Timaeus,human biblical figure
Timan,biblical character
Timna,human biblical figure
"Timothy, son of Nephi",Book of Mormon character
Tindiquera,legendary figure
Tiras,human biblical figure
Tirhanah,human biblical figure
Tiria,human biblical figure
Tirthankara,God
Tirzah,human biblical figure
Tissa Buddha,Buddha
Titus Tatius,legendary figure
Tmolus,legendary human figure
Tobadonijah,human biblical figure
Tobiah,human biblical figure
Tobias,human biblical figure
Tobijah,human biblical figure
Tobijah,human biblical figure
Tobit,human biblical figure
Tochos,human biblical figure
Tofa,legendary figure
Togarmah,human biblical figure
Tohu,human biblical figure
Toichi no Agatanushi Ōme,legendary human figure
Tok Lasam,legendary figure
Tola,human biblical figure
Tola,human biblical figure
Tolubai Critic,legendary figure
Tom Bawcock,legendary figure
Tom Hickathrift,legendary figure
Tongtian Jiaozhu,legendary figure
Tou,human biblical figure
Trebeta,legendary figure
Trezenzonio,legendary figure
Tristan,mythological king
Tritannus,merfolk in a work of fiction
Tryphena of Rome,human biblical figure
Tseror,human biblical figure
Tubal,human biblical figure
Tubal-cain,human biblical figure
Tukik,God
Tumburu,character in the Mahabharata
Tuna,God
Turiel,fallen angel
Turk,biblical character
Turnus,mythological king
Twe,God
Twelve Flower Fairies,immortal
Twrch Trwyth,legendary figure
Tychicus,human biblical figure
Tycjusz,biblical character
Tyrannus,human biblical figure
Tyrimmas of Macedon,legendary human figure
Tzununiha,protoplast
Uṣṇīṣa-vijayā,Buddhoṣṇīṣa
Ucal,human biblical figure
Uel,human biblical figure
Ugrasrava Sauti,character in the Mahabharata
Ugrasrayi,Kaurava
Ulam,human biblical figure
Ulam,human biblical figure
Ulla,human biblical figure
Uluka,character in the Mahabharata
Umashimaji,legendary human figure
Umiña,legendary figure
Ungnyeo,legendary figure
Unni,human biblical figure
Unni,human biblical figure
Upacitra,character in the Mahabharata
Ur,human biblical figure
Urashima Tarō,legendary figure
Urbanus,human biblical figure
Urduja,legendary figure
Uri,human biblical figure
Uri,human biblical figure
Uriah,human biblical figure
Uriah,human biblical figure
Uriah,human biblical figure
Uriah the Hittite,human biblical figure
Urianus,legendary figure
Uriel,angel in Judaism
Uriel,angels in Christianity
Uriel,archangel
Uriel,Angel of the Presence
Uriel,human biblical figure
Uriel,human biblical figure
Urijah,human biblical figure
Uthai,human biblical figure
Uthai,human biblical figure
Uther Pendragon,legendary human figure
Utsushiko'o-no-Mikoto,legendary human figure
Uttamabhadras,character in the Mahabharata
Uz,human biblical figure
Uz,human biblical figure
Uz,human biblical figure
Uzal,human biblical figure
Uzza,human biblical figure
Uzza,human biblical figure
Uzzah,human biblical figure
Uzzah,human biblical figure
Uzzi,human biblical figure
Uzzi,human biblical figure
Uzzi,human biblical figure
Uzzi,human biblical figure
Uzzi,human biblical figure
Uzzi,human biblical figure
Uzzia,human biblical figure
Uzziah,human biblical figure
Uzziah,human biblical figure
Uzziah,human biblical figure
Uzziah,human biblical figure
Uzziel,human biblical figure
Uzziel,human biblical figure
Uzziel,human biblical figure
Uzziel,human biblical figure
Uzziel,human biblical figure
Vöggr,legendary figure
Völsung,mythological king
Vairocana,God
Vairocana,Buddha
Vaizatha,human biblical figure
Vajra,character in the Mahabharata
Vajradatta,character in the Mahabharata
Vajradhara,Buddha
Van der Decken,legendary figure
Vaniah,human biblical figure
Vashti,human biblical figure
Vasilisa Mikulishna,polenitsa
Vassago,fallen angel
Vassily Buslayev,bogatyr
Vasupujya,God
Vasupujya,Tirthankara
Velasgutto de Ayala,legendary figure
Venissa,legendary figure
Verginia's nurse,legendary figure
Vespasius,legendary figure
Vessabhū Buddha,Buddha
Vidià d'Aliscans,legendary figure
Vikarna,character in the Mahabharata
Vimalanātha,God
Vimalanātha,Tirthankara
Vine,fallen angel
Vipassī Buddha,Buddha
Virabhadra,God
Virabhadra,legendary figure
Visbur,mythological king
Vishnu,legendary figure
Vishrava,Characters in the Ramayana
Visimir,legendary figure
Vislav II,legendary figure
Viuda de l'Orxa,legendary figure
Volga Svyatoslavich,bogatyr
Vophsi,human biblical figure
Voto,legendary figure
Vrishasena,legendary figure
Vrishparva,character in the Mahabharata
Vrushali,character in the Mahabharata
Wajitsumi no Mikoto,legendary human figure
Walter of Aquitaine,legendary figure
Walter of Aquitaine,legendary figure
Wandering Jew,legendary figure
Warbeth,legendary figure
Wars,legendary figure
Watcher,angel in Judaism
Watcher,fallen angel
Waterreus,merman
Wealhþeow,legendary figure
Wermund,mythological king
White man (Lumeçon),legendary figure
Whore of Babylon,human biblical figure
Whore of Babylon,eschatological figure
Wi,God
Wiatko,legendary figure
Wicked Priest,biblical character
Widewuto,legendary figure
Widow of Zarephath,human biblical figure
wife of Manoah,human biblical figure
Wilbeth,legendary figure
Wilgefortis,legendary figure
Winda,character in the Mahabharata
Wise woman of Abel,human biblical figure
Witch of Endor,human biblical figure
Witch Zárate,legendary figure
Wives of Duryodhana,character in the Mahabharata
Wives of Karna,legendary figure
Wiwitsu,Kaurava
Woman of Shunem,biblical character
Woman of Tekoa,human biblical figure
Woman of the Apocalypse,biblical character
Woman of the Apocalypse,eschatological figure
Woman of Thebez,human biblical figure
Womb Realm Vairocana,Buddha
Wong Tai Sin,immortal
Wormwood,angels in Christianity
Wuchengzi,legendary human figure
Wygewon,mythological king
Wyudoru,Kaurava
Xenophon,legendary figure
Xenu,religious character
Xiaoqing,legendary figure
Xiwei,mythological king
Xuming,mythological king
Xunfei,mythological king
Yael,human biblical figure
Yaghuth,Quranic character
Yahoel,angel in Judaism
Yamato Takeru,legendary human figure
Yamatototohime no mikoto,legendary human figure
Yandi,mythological king
Yao,legendary figure
Yao Bikuni,legendary human figure
Yayāti,mythological king
Yayāti,character in the Mahabharata
Yellow Emperor,mythological king
Yeruslan Lazarevich,bogatyr
Yimu,legendary figure
Yin Jiao,immortal
Yinkang,mythological king
Yinti,mythological king
Yngvi,mythological king
Yomiel,fallen angel
Yongcheng,mythological king
Yosotarashi hime,legendary human figure
Youchao,mythological king
Youxiong,legendary figure
Yu Fu,legendary figure
Yuddhajaya,Buddha
Yunus,character from the Quran and the Bible
Yunzhongzi,immortal
Yuyutsu,character in the Mahabharata
Záboj,legendary figure
Zaav,mythological king
Zaavan,human biblical figure
Zabad,human biblical figure
Zabad,human biblical figure
Zabad,human biblical figure
Zabad,human biblical figure
Zabad ben Ahlai,human biblical figure
Zabbai,human biblical figure
Zabbai,human biblical figure
Zabdi,human biblical figure
Zabdi,human biblical figure
Zabdi,human biblical figure
Zabdiel,human biblical figure
Zabdiel,human biblical figure
Zabud,human biblical figure
Zabud,human biblical figure
Zaccai,human biblical figure
Zaccur,human biblical figure
Zaccur,human biblical figure
Zaccur,human biblical figure
Zaccur,human biblical figure
Zaccur,human biblical figure
Zaccur,human biblical figure
Zaccur,human biblical figure
Zaccur,human biblical figure
Zadkiel,angel in Judaism
Zadkiel,angels in Christianity
Zadkiel,archangel
Zadkiel,archangel
Zadok,human biblical figure
Zadok,human biblical figure
Zadok,human biblical figure
Zadok,human biblical figure
Zadok,human biblical figure
Zadok,human biblical figure
Zadok,human biblical figure
Zadok II,human biblical figure
Zagzagel,angel in Judaism
Zahhak,mythological king
Zal,legendary figure
Zalaph,human biblical figure
Zalmon the Ahohite,human biblical figure
Zalmunna,human biblical figure
Zaphoin,human biblical figure
Zaqiel,fallen angel
Zaratas,legendary figure
Zattu,human biblical figure
Zattur,human biblical figure
Zaza,human biblical figure
Zebadiah,human biblical figure
Zebadiah,human biblical figure
Zebadiah,human biblical figure
Zebadiah,human biblical figure
Zebadiah,human biblical figure
Zebadiah,human biblical figure
Zebadiah,human biblical figure
Zebadiah,human biblical figure
Zebadiah,human biblical figure
Zebah,human biblical figure
Zebedee,human biblical figure
Zebina,human biblical figure
Zebudah,human biblical figure
Zebul,human biblical figure
Zebuleon,angels in Christianity
Zebulun,human biblical figure
Zechariah,human biblical figure
Zechariah,human biblical figure
Zechariah,human biblical figure
Zechariah,human biblical figure
Zechariah,human biblical figure
Zechariah,human biblical figure
Zechariah,human biblical figure
Zechariah,human biblical figure
Zechariah,human biblical figure
Zechariah,human biblical figure
Zechariah,human biblical figure
Zechariah,human biblical figure
Zechariah,human biblical figure
Zechariah,human biblical figure
Zechariah,human biblical figure
Zechariah,human biblical figure
Zechariah,human biblical figure
Zechariah,human biblical figure
Zechariah,human biblical figure
Zechariah,human biblical figure
Zechariah,human biblical figure
Zechariah,human biblical figure
Zechariah,human biblical figure
Zechariah,human biblical figure
Zechariah,human biblical figure
Zechariah,human biblical figure
Zechariah,human biblical figure
Zechariah ben Jehoiada,human biblical figure
Zechariah in Islam,prophet of Islam
Zechariah in Islam,Quranic character
Zecher,human biblical figure
Zedekiah,human biblical figure
Zedekiah,human biblical figure
Zedekiah,human biblical figure
Zedekiah,human biblical figure
Zedekiah,human biblical figure
Zedekiah,human biblical figure
Zeeb,biblical character
Zelek the Ammonite,biblical character
Zelek the Ammonite,human biblical figure
Zelophehad,human biblical figure
Zelph,Lamanite
Zelph,religious character
Zemirah,human biblical figure
Zeniff,Book of Mormon ruler
Zenock,religious character
Zephaniah,human biblical figure
Zephaniah,human biblical figure
Zephaniah,human biblical figure
Zephaniah,human biblical figure
Zephaniel,angel in Judaism
Zephaniel,archangel
Zephon,human biblical figure
Zerachiel,angel in Judaism
Zerachiel,archangel
Zerah,human biblical figure
Zerah,human biblical figure
Zerah,human biblical figure
Zerah,human biblical figure
Zerah,human biblical figure
Zerahiah,human biblical figure
Zerahiah,human biblical figure
Zeresh,human biblical figure
Zereth,human biblical figure
Zeri,human biblical figure
Zerubbabel,human biblical figure
Zeruiah,human biblical figure
Zetham,human biblical figure
Zethan,human biblical figure
Zethar,human biblical figure
Zhang Xian,immortal
Zhenyuan Daxian,immortal
Zhinü,immortal
Zhong Kui,immortal
Zhonghuang,mythological king
Zhuanxu,legendary figure
Zhurong,legendary hero
Zhuxiang,mythological king
Zhytsen,God
Zia,human biblical figure
Ziba,human biblical figure
Zibeon,human biblical figure
Zibia,human biblical figure
Zibiah,human biblical figure
Zichri,human biblical figure
Zichri,human biblical figure
Zichri,human biblical figure
Zichri,human biblical figure
Zichri,human biblical figure
Zichri,human biblical figure
Zichri,human biblical figure
Zichri,human biblical figure
Zichri,human biblical figure
Zichri,human biblical figure
Zichri,human biblical figure
Zichri,human biblical figure
Zidon,human biblical figure
Ziha,human biblical figure
Ziha,human biblical figure
Zilá,biblical character
Zillah,human biblical figure
Zillethai,biblical character
Zillethai,human biblical figure
Zilpa,human biblical figure
Ziminiar,fallen angel
Zimmah,human biblical figure
Zimmah,human biblical figure
Zimran,human biblical figure
Zimri,human biblical figure
Zimri,human biblical figure
Ziph,human biblical figure
Ziphah,human biblical figure
Ziphion,human biblical figure
Zippor,human biblical figure
Zipporah,human biblical figure
Ziza,human biblical figure
Ziza,human biblical figure
Zizah,human biblical figure
Zobebah,human biblical figure
Zohar,human biblical figure
Zohar,human biblical figure
Zophah,human biblical figure
Zophar,human biblical figure
Zoroaster,religious character
Zuar,human biblical figure
Zulaikha,character from the Quran and the Bible
Zulaikha,human biblical figure
Zuleika,Quranic character
Zunlu,mythological king
Zuph the Ephrathite,human biblical figure
Zur,human biblical figure
Zur,human biblical figure
Zuriel,human biblical figure
Zurishaddai,human biblical figure
Zwarte Piet,legendary figure
